tract,block_group,count,dump_count,lighting_count,Id,Id2,Estimate; Median age -- - Total:,Estimate; Median age -- - Male,Estimate; Median age -- - Female,Estimate; Total,Estimate; Not Hispanic or Latino:,Estimate; Not Hispanic or Latino: - White alone,Estimate; Not Hispanic or Latino: - Black or African American alone,Estimate; Not Hispanic or Latino: - American Indian and Alaska Native alone,Estimate; Not Hispanic or Latino: - Asian alone,Estimate; Not Hispanic or Latino: - Native Hawaiian and Other Pacific Islander alone,Estimate; Not Hispanic or Latino: - Some other race alone,Estimate; Not Hispanic or Latino: - Two or more races:,Estimate; Not Hispanic or Latino: - Two or more races: - Two races including Some other race,"Estimate; Not Hispanic or Latino: - Two or more races: - Two races excluding Some other race, and three or more races",Estimate; Hispanic or Latino:,"Estimate; Total: - Less than $10,000","Estimate; Total: - $10,000 to $14,999","Estimate; Total: - $15,000 to $19,999","Estimate; Total: - $20,000 to $24,999","Estimate; Total: - $25,000 to $29,999","Estimate; Total: - $30,000 to $34,999","Estimate; Total: - $35,000 to $39,999","Estimate; Total: - $40,000 to $44,999","Estimate; Total: - $45,000 to $49,999","Estimate; Total: - $50,000 to $59,999","Estimate; Total: - $60,000 to $74,999","Estimate; Total: - $75,000 to $99,999","Estimate; Total: - $100,000 to $124,999","Estimate; Total: - $125,000 to $149,999","Estimate; Total: - $150,000 to $199,999","Estimate; Total: - $200,000 or more",Estimate; Median household income in the past 12 months (in 2014 Inflation-adjusted dollars),Estimate; Total: - With public assistance income,Estimate; Total: - No public assistance income,Estimate; Per capita income in the past 12 months (in 2014 Inflation-adjusted dollars),Estimate; Total: - Owner occupied,Estimate; Total: - Renter occupied,Estimate; With cash rent: - Less than $100,Estimate; With cash rent: - $100 to $149,Estimate; With cash rent: - $150 to $199,Estimate; With cash rent: - $200 to $249,Estimate; With cash rent: - $250 to $299,Estimate; With cash rent: - $300 to $349,Estimate; With cash rent: - $350 to $399,Estimate; With cash rent: - $400 to $449,Estimate; With cash rent: - $450 to $499,Estimate; With cash rent: - $500 to $549,Estimate; With cash rent: - $550 to $599,Estimate; With cash rent: - $600 to $649,Estimate; With cash rent: - $650 to $699,Estimate; With cash rent: - $700 to $749,Estimate; With cash rent: - $750 to $799,Estimate; With cash rent: - $800 to $899,Estimate; With cash rent: - $900 to $999,"Estimate; With cash rent: - $1,000 to $1,249","Estimate; With cash rent: - $1,250 to $1,499","Estimate; With cash rent: - $1,500 to $1,999","Estimate; With cash rent: - $2,000 or more",Estimate; No cash rent,Estimate; Median value (dollars)
100,2,1,,3.0,1500000US060730001002,60730001002,60.2,60.0,60.2,1466,1260,1247,0,0,5,0,0,8,0,8,206,9,10,0,19,8,55,17,0,9,32,54,120,38,5,112,187,106406,0,675,81606,661,14,0,0,0,0,0,0,0,0,0,0,0,0,0,0,0,0,8,0,0,0,6,0,982100
202,3,1,,1.0,1500000US060730002023,60730002023,37.7,39.4,33.8,2329,1943,1643,22,21,183,0,0,74,0,74,386,26,26,39,73,0,80,29,50,14,174,13,157,130,89,63,158,81118,11,1110,53922,571,550,0,0,0,0,0,0,0,0,0,0,0,0,0,0,0,32,29,68,198,197,26,0,477100
300,3,2,1.0,,1500000US060730003003,60730003003,42.0,41.6,50.7,1330,1198,1086,0,0,26,2,0,84,0,84,132,40,98,0,30,47,20,18,0,16,75,12,92,137,64,52,92,95553,0,793,60684,316,477,0,0,0,0,0,0,0,0,0,0,0,0,17,0,0,13,12,292,0,90,38,15,573900
500,1,6,,,1500000US060730005001,60730005001,34.8,34.4,36.6,773,701,616,0,24,0,0,0,61,0,61,72,18,8,0,26,22,26,15,17,13,51,53,50,8,31,65,25,62500,0,428,54485,181,247,0,0,0,0,0,0,0,0,0,0,0,0,0,7,15,49,15,92,28,9,25,7,591100
500,2,1,,,1500000US060730005002,60730005002,41.1,41.2,41.0,1088,923,787,18,0,69,0,22,27,0,27,165,55,43,0,7,51,47,5,50,41,102,81,59,26,25,36,9,53207,0,637,37982,174,463,0,10,0,0,0,0,0,0,0,0,17,0,0,22,7,97,103,50,89,45,23,0,631900
600,1,1,,,1500000US060730006001,60730006001,33.9,32.8,34.6,685,510,377,36,0,54,7,0,36,0,36,175,15,18,7,22,7,17,17,66,0,39,60,46,25,0,23,7,53563,0,369,37732,33,336,0,0,0,0,0,0,0,0,0,0,0,0,0,21,8,34,36,133,34,45,16,9,507400
600,2,5,4.0,,1500000US060730006002,60730006002,35.3,40.7,34.7,1056,872,776,29,0,20,0,0,47,14,33,184,49,28,0,54,26,30,10,26,8,85,0,157,55,42,0,5,55043,23,552,36377,168,407,0,0,0,0,0,0,6,0,0,0,0,7,8,24,0,59,64,70,24,92,45,8,442100
600,3,18,1.0,5.0,1500000US060730006003,60730006003,46.4,43.1,55.9,1158,937,747,83,0,61,12,0,34,0,34,221,34,64,40,73,22,12,7,52,0,53,78,80,106,50,29,33,60880,8,725,46814,262,471,0,0,0,0,41,8,0,0,15,0,0,15,0,7,6,23,14,170,71,68,33,0,411400
700,1,5,,3.0,1500000US060730007001,60730007001,38.3,38.4,36.7,1171,1060,924,55,0,56,0,0,25,0,25,111,14,16,55,30,72,47,0,102,26,44,58,111,29,26,75,10,49338,28,687,42126,156,559,0,0,0,0,0,0,0,0,0,0,0,0,0,0,15,82,51,228,70,83,30,0,495700
700,2,2,,,1500000US060730007002,60730007002,36.6,39.8,35.5,2024,1828,1696,70,0,47,0,0,15,0,15,196,63,44,16,15,10,32,28,13,35,70,279,124,169,46,88,39,71698,16,1055,45893,367,704,0,0,0,0,0,0,0,0,0,14,0,0,0,0,0,100,68,116,209,76,76,45,482200
800,1,6,,,1500000US060730008001,60730008001,51.5,52.6,44.9,670,453,436,0,0,0,17,0,0,0,0,217,61,14,55,0,55,54,0,46,14,14,44,14,16,39,17,0,32569,0,443,32781,66,377,0,0,0,0,0,0,0,0,0,0,0,0,89,14,94,0,39,58,16,16,0,51,494300
800,4,3,,1.0,1500000US060730008004,60730008004,40.5,35.5,46.8,1558,1312,890,299,0,105,0,0,18,0,18,246,98,145,102,58,128,23,46,71,40,47,80,84,51,15,16,34,28966,10,1028,32773,166,872,0,0,0,0,0,16,0,17,0,36,0,0,52,0,121,146,124,252,59,49,0,0,231000
900,1,8,,,1500000US060730009001,60730009001,41.9,42.9,37.7,1243,855,765,34,0,41,15,0,0,0,0,388,21,13,12,72,33,108,0,30,110,132,45,29,0,70,25,29,46987,15,714,40854,151,578,0,0,0,0,0,0,0,0,0,0,0,0,14,0,13,56,229,160,58,48,0,0,278500
900,2,3,,,1500000US060730009002,60730009002,34.1,38.1,31.2,843,610,359,74,0,133,29,0,15,0,15,233,45,33,0,62,15,0,28,33,70,38,38,15,30,13,0,0,42045,6,414,23685,65,355,0,0,0,0,0,0,0,0,0,0,0,0,19,0,110,75,8,75,42,13,0,13,162500
900,3,3,,,1500000US060730009003,60730009003,28.8,29.5,28.8,869,753,459,201,0,93,0,0,0,0,0,116,89,28,18,60,8,0,6,15,55,45,41,95,0,21,15,11,48841,0,507,35643,73,434,0,0,0,0,0,0,0,0,14,0,27,0,0,0,0,131,21,75,85,55,0,26,355700
900,4,4,,,1500000US060730009004,60730009004,68.5,55.8,74.1,754,714,562,0,13,49,0,0,90,0,90,40,39,169,129,51,45,0,36,10,0,0,21,39,22,0,16,0,17188,14,563,25412,50,527,12,0,0,25,81,54,106,0,30,0,40,0,0,0,23,37,13,51,45,10,0,0,321900
900,5,4,,,1500000US060730009005,60730009005,28.6,25.8,29.9,716,348,329,12,0,7,0,0,0,0,0,368,43,0,0,0,0,18,35,29,39,0,133,28,24,0,0,18,62614,0,367,33746,78,289,0,0,0,0,0,0,0,0,0,0,0,0,7,28,0,41,99,37,29,48,0,0,246200
900,6,12,,,1500000US060730009006,60730009006,34.6,37.8,32.2,756,492,373,85,0,34,0,0,0,0,0,264,0,0,0,0,11,28,7,17,35,31,60,126,16,0,19,0,73333,17,333,35019,89,261,0,0,0,0,0,0,0,0,0,0,11,6,0,0,0,26,7,78,114,19,0,0,405200
1000,1,8,,4.0,1500000US060730010001,60730010001,36.0,36.2,35.9,1077,1046,960,7,0,37,0,0,42,11,31,31,16,11,0,36,25,4,0,18,71,24,87,130,48,44,14,15,70568,0,543,40055,194,349,0,0,0,0,0,0,0,11,0,0,0,0,0,11,0,28,10,92,99,72,14,12,318100
1000,2,1,,1.0,1500000US060730010002,60730010002,32.0,31.9,34.6,1375,979,873,37,0,37,0,0,32,0,32,396,13,0,0,14,12,0,25,23,72,124,123,214,43,0,0,57,72500,12,708,42288,258,462,0,0,0,0,0,0,0,0,0,0,0,16,0,0,15,12,120,196,45,44,0,14,418900
1000,3,2,,1.0,1500000US060730010003,60730010003,33.3,34.2,33.1,1711,1264,1167,12,0,44,0,0,41,0,41,447,30,45,0,0,40,102,24,78,35,41,117,157,28,84,42,0,61331,0,823,35714,152,671,0,0,0,0,12,0,0,0,0,0,0,0,0,0,0,41,73,219,178,34,114,0,382800
1000,4,9,,2.0,1500000US060730010004,60730010004,29.7,29.7,32.4,1123,911,590,83,0,109,0,0,129,0,129,212,12,23,7,0,0,12,64,46,101,57,44,40,74,0,11,13,49244,0,504,29996,93,411,0,0,0,13,0,7,0,0,0,0,0,0,0,0,12,57,26,194,89,13,0,0,689300
1100,1,1,,,1500000US060730011001,60730011001,37.6,39.0,33.8,1218,987,877,26,0,44,0,0,40,0,40,231,50,43,10,17,21,9,36,27,9,73,61,94,70,15,33,26,60455,14,580,38304,196,398,0,0,9,9,0,0,0,0,0,0,0,0,0,0,0,42,42,152,60,44,32,8,325800
1100,2,2,,1.0,1500000US060730011002,60730011002,29.8,29.2,30.2,1514,841,692,130,0,0,0,0,19,0,19,673,52,25,49,49,42,43,10,41,88,72,59,62,17,32,11,0,45694,20,632,23607,71,581,0,0,0,11,0,0,0,0,0,0,0,0,12,0,76,98,56,172,92,35,29,0,218000
1100,3,2,,1.0,1500000US060730011003,60730011003,34.1,33.7,34.2,732,459,403,27,0,20,0,0,9,0,9,273,42,34,37,7,26,42,17,10,37,38,33,28,39,15,14,0,43625,10,409,29778,122,297,0,0,0,0,0,0,0,0,0,0,0,0,0,17,10,54,24,56,99,22,5,10,315200
1200,1,2,,3.0,1500000US060730012001,60730012001,32.1,28.1,36.1,1334,773,468,177,0,80,0,10,38,0,38,561,33,18,11,139,42,44,136,62,47,0,31,50,21,26,0,14,36116,0,674,24843,40,634,0,0,12,0,0,0,0,0,0,0,0,0,0,62,97,87,166,99,48,47,0,16,161400
1200,2,1,,3.0,1500000US060730012002,60730012002,27.6,28.4,25.7,1586,725,550,42,36,49,0,0,48,0,48,861,0,90,30,32,40,0,85,0,14,97,57,96,83,30,0,0,56622,43,611,25615,133,521,0,0,0,0,15,0,0,0,14,0,0,0,0,14,25,95,101,139,92,9,0,17,313400
1200,3,6,,1.0,1500000US060730012003,60730012003,30.3,26.4,34.4,1302,1063,725,73,0,122,16,50,77,0,77,239,0,31,53,9,25,27,77,87,61,24,48,86,71,22,0,58,48306,13,666,49658,109,570,0,0,0,0,0,0,0,0,0,0,0,68,0,0,14,164,115,76,20,69,44,0,299400
1200,4,3,,3.0,1500000US060730012004,60730012004,37.1,50.1,31.1,1685,1021,766,98,0,121,0,0,36,0,36,664,118,16,46,60,0,138,27,78,104,68,39,152,0,13,21,27,41837,0,907,29196,193,714,14,0,0,0,0,0,0,0,12,0,0,0,0,0,17,172,111,300,32,56,0,0,238100
1300,1,2,,6.0,1500000US060730013001,60730013001,32.5,32.3,33.7,735,603,282,130,0,64,0,0,127,53,74,132,31,55,0,27,42,5,51,33,15,47,22,22,24,9,0,18,39153,13,388,27846,77,324,0,0,0,0,0,0,0,0,0,0,0,46,12,11,15,77,31,80,27,25,0,0,459400
1300,2,35,,2.0,1500000US060730013002,60730013002,35.6,36.0,35.6,2032,1551,1000,224,0,252,0,0,75,0,75,481,176,52,15,108,73,21,24,53,58,136,126,150,61,12,0,0,45610,26,1039,27130,231,834,0,0,0,12,0,0,17,0,0,0,0,0,15,13,29,42,69,273,158,158,48,0,227400
1300,3,4,,,1500000US060730013003,60730013003,30.1,34.7,28.7,1106,619,351,146,0,44,42,0,36,0,36,487,12,22,11,33,29,12,59,23,59,111,24,49,7,8,13,0,46483,11,461,22973,33,439,0,0,0,0,0,0,0,0,0,0,0,0,0,25,30,63,91,87,84,13,34,12,361100
1300,4,4,,,1500000US060730013004,60730013004,30.8,35.7,28.6,1375,995,610,131,50,142,0,0,62,0,62,380,0,14,57,50,27,33,38,64,26,90,165,112,36,0,0,8,53235,0,720,30378,111,609,0,0,0,0,0,0,38,0,0,0,0,12,14,0,0,106,71,219,94,55,0,0,353200
1300,5,6,,1.0,1500000US060730013005,60730013005,31.7,36.1,28.0,1254,892,445,223,43,131,0,0,50,0,50,362,22,12,49,39,51,69,39,64,33,25,66,78,0,37,14,0,40703,83,515,25583,97,501,0,0,0,0,0,0,37,12,0,0,0,0,0,0,0,95,125,101,94,14,0,23,189500
1400,1,15,,2.0,1500000US060730014001,60730014001,31.6,36.0,28.7,593,405,385,0,0,20,0,0,0,0,0,188,9,23,16,0,9,21,23,4,24,0,9,60,21,17,9,10,47344,0,255,32867,68,187,0,0,0,0,0,0,0,0,0,4,0,5,0,0,0,66,4,51,0,7,50,0,605900
1400,2,2,,2.0,1500000US060730014002,60730014002,44.0,56.6,33.8,742,635,579,13,0,19,0,0,24,0,24,107,12,43,11,0,37,18,0,15,9,18,27,44,32,10,45,79,90000,0,400,65578,277,123,0,0,0,0,0,0,0,0,0,0,0,0,0,0,12,25,9,17,24,28,8,0,566700
1400,3,3,,1.0,1500000US060730014003,60730014003,35.9,35.5,36.3,1765,1402,1065,121,0,77,11,11,117,15,102,363,75,48,44,26,27,58,37,46,23,54,61,127,73,79,89,61,64286,17,911,44684,276,652,0,0,0,0,0,0,0,11,11,0,0,8,18,0,16,40,66,157,152,117,34,22,566700
1500,1,5,,,1500000US060730015001,60730015001,35.9,35.7,39.3,1156,713,493,125,0,95,0,0,0,0,0,443,27,79,19,10,7,9,75,28,27,66,32,67,8,48,47,18,50284,0,567,35257,185,382,0,0,0,0,11,0,0,0,0,32,0,20,0,0,67,22,28,77,53,46,8,18,364400
1500,4,5,,,1500000US060730015004,60730015004,32.3,37.2,31.0,1115,667,373,150,0,67,0,0,77,0,77,448,61,48,27,7,15,0,15,33,40,42,61,39,35,56,9,11,52898,8,491,28735,87,412,0,0,0,8,0,12,0,8,0,8,0,0,0,13,0,70,69,164,9,0,51,0,456300
1600,1,27,,5.0,1500000US060730016001,60730016001,29.1,32.5,22.7,2110,869,483,236,0,136,0,0,14,0,14,1241,57,47,49,97,79,0,0,7,91,55,66,22,24,0,28,0,27460,0,622,14451,157,465,0,0,0,0,0,0,0,16,0,0,0,0,24,0,58,35,21,136,169,6,0,0,192500
1600,2,7,,3.0,1500000US060730016002,60730016002,35.2,36.8,34.5,1097,700,183,403,0,55,0,0,59,0,59,397,21,40,0,21,70,63,50,15,21,32,59,9,25,0,0,0,34868,0,426,16746,64,362,0,0,0,0,0,0,0,0,0,0,0,0,21,0,43,43,115,97,12,21,0,10,328600
1600,3,4,,1.0,1500000US060730016003,60730016003,35.8,31.0,52.2,1128,236,97,109,0,19,0,11,0,0,0,892,19,55,63,0,0,72,0,101,49,64,55,12,0,0,25,0,41200,69,446,22506,49,466,0,0,0,0,0,0,0,0,0,0,72,0,0,0,89,122,19,80,25,42,17,0,347900
1600,4,16,,,1500000US060730016004,60730016004,42.9,35.8,51.5,995,860,547,187,0,110,0,0,16,0,16,135,89,81,0,55,24,75,42,21,12,32,46,78,55,0,0,18,33810,39,589,33976,87,541,0,0,0,41,24,0,0,0,0,0,0,12,8,26,71,210,56,31,32,18,12,0,238800
1700,1,1,,1.0,1500000US060730017001,60730017001,32.9,34.3,32.6,1424,603,507,96,0,0,0,0,0,0,0,821,17,86,80,53,16,43,57,0,147,112,36,46,21,0,0,0,45111,39,675,21931,181,533,0,0,0,0,0,0,0,0,0,0,0,0,32,0,33,59,81,266,62,0,0,0,219700
1700,2,6,,3.0,1500000US060730017002,60730017002,37.2,35.7,37.9,1042,694,609,57,0,11,0,0,17,0,17,348,113,31,25,11,59,18,69,15,35,0,54,37,39,42,47,0,38967,16,579,32556,155,440,0,0,0,0,0,0,0,0,0,0,0,0,0,15,81,104,46,86,16,69,0,23,421400
1700,3,2,,1.0,1500000US060730017003,60730017003,35.5,35.2,36.2,1308,702,452,86,0,87,0,0,77,0,77,606,24,0,23,50,56,40,42,33,67,34,108,57,49,10,0,0,46063,0,593,24442,180,413,0,0,0,0,0,12,0,25,0,0,0,0,0,49,42,23,28,110,42,71,0,11,327500
1800,1,9,,,1500000US060730018001,60730018001,37.7,37.6,37.8,673,495,354,0,0,34,0,0,107,0,107,178,15,13,34,46,15,0,0,0,14,17,55,39,29,0,34,0,60250,0,311,30302,58,253,0,0,0,0,13,0,0,0,18,0,0,0,0,0,0,51,65,51,34,21,0,0,536800
1800,2,12,,,1500000US060730018002,60730018002,26.8,28.9,24.4,1902,1262,925,267,0,7,0,0,63,0,63,640,88,34,27,31,68,28,61,14,16,78,28,73,79,0,0,42,39417,45,622,20878,167,500,0,0,0,0,18,0,0,0,0,0,7,0,0,15,15,87,108,227,23,0,0,0,350000
1800,3,1,,2.0,1500000US060730018003,60730018003,44.8,34.7,62.3,394,183,126,31,0,15,0,0,11,0,11,211,25,84,50,0,12,16,0,13,0,0,7,11,15,9,0,0,16200,0,242,20575,16,226,0,0,0,0,0,0,0,0,0,0,0,0,0,0,12,54,53,107,0,0,0,0,-
1800,5,1,,,1500000US060730018005,60730018005,30.5,27.8,33.3,1188,995,434,459,0,46,0,11,45,0,45,193,27,14,0,41,12,68,66,67,30,71,38,85,0,0,56,0,42220,0,575,30521,166,409,0,0,0,0,0,0,0,14,0,0,0,0,0,0,51,27,159,120,14,24,0,0,263100
1900,1,1,1.0,,1500000US060730019001,60730019001,42.9,39.0,49.5,941,803,688,27,10,46,0,0,32,0,32,138,0,7,37,9,8,7,22,14,15,12,42,83,33,38,75,39,95612,0,441,50809,292,149,0,0,0,0,0,0,0,0,0,0,0,0,0,0,0,17,70,22,0,18,22,0,575000
1900,2,2,,1.0,1500000US060730019002,60730019002,45.5,46.0,44.4,1258,1012,913,0,0,6,0,0,93,0,93,246,0,25,0,31,17,8,26,55,6,13,84,85,53,47,86,39,86435,23,552,46838,401,174,7,0,0,0,0,0,11,0,0,0,0,0,0,0,0,0,13,44,11,37,44,7,506300
2001,2,4,1.0,14.0,1500000US060730020012,60730020012,45.6,47.6,43.9,1335,1307,1219,39,0,24,0,0,25,13,12,28,0,0,17,9,17,20,18,11,37,9,16,91,95,73,115,140,123500,7,661,70926,466,202,0,0,0,0,0,0,0,0,0,0,0,0,0,0,0,27,11,0,39,9,105,11,700400
2001,3,1,,2.0,1500000US060730020013,60730020013,50.7,50.2,50.9,783,573,535,14,0,15,0,0,9,0,9,210,0,0,0,10,10,0,20,15,0,36,10,25,9,50,64,83,148304,0,332,63184,316,16,0,0,0,0,0,0,0,0,0,0,0,0,0,0,0,0,0,0,0,7,9,0,687100
2002,1,1,,2.0,1500000US060730020021,60730020021,39.1,39.7,38.4,1104,998,804,90,0,24,0,0,80,0,80,106,16,29,24,66,0,9,10,26,14,18,22,80,28,58,50,9,67750,6,453,36540,316,143,0,0,0,0,0,0,0,0,0,0,0,0,0,0,0,6,40,65,0,18,7,7,515700
2002,2,1,1.0,6.0,1500000US060730020022,60730020022,37.1,32.9,40.5,1499,1280,1041,189,0,31,0,0,19,0,19,219,21,0,9,7,0,9,18,0,29,37,80,88,118,98,77,53,106250,0,644,50580,328,316,0,0,0,0,0,0,0,0,0,0,0,0,0,0,0,6,0,20,164,23,103,0,567500
2100,1,6,,1.0,1500000US060730021001,60730021001,46.2,40.1,46.8,967,813,581,198,0,23,0,0,11,11,0,154,11,14,67,14,30,20,28,13,23,93,40,79,24,30,0,23,55250,22,487,44420,172,337,0,0,0,0,0,0,0,0,0,0,0,0,11,0,37,33,66,86,75,29,0,0,637200
2100,2,10,,1.0,1500000US060730021002,60730021002,35.3,36.0,35.3,846,438,376,29,0,33,0,0,0,0,0,408,20,0,0,26,11,55,40,0,45,150,20,30,0,0,0,18,50271,0,415,29129,33,382,0,0,0,0,0,0,0,0,0,0,0,0,41,0,82,39,19,126,14,61,0,0,225000
2100,3,33,,2.0,1500000US060730021003,60730021003,30.1,29.7,30.6,742,411,249,17,24,121,0,0,0,0,0,331,0,91,11,0,0,65,43,0,0,112,11,31,74,0,0,0,52545,12,426,31335,86,352,0,0,0,0,0,0,0,0,0,0,39,0,51,0,50,46,63,49,54,0,0,0,354200
2100,4,80,,7.0,1500000US060730021004,60730021004,28.9,30.5,27.9,1114,539,297,133,26,25,0,0,58,0,58,575,13,114,41,24,0,48,31,33,0,17,29,68,90,0,0,0,36129,39,469,24916,121,387,0,0,0,0,0,0,0,0,0,0,15,0,15,31,33,99,112,13,15,54,0,0,337500
2100,5,12,,6.0,1500000US060730021005,60730021005,41.2,40.5,41.6,1240,879,481,164,16,204,0,0,14,0,14,361,27,104,0,62,33,37,0,29,35,46,24,61,45,16,15,0,40833,9,525,22778,130,404,0,0,0,0,0,0,0,0,0,0,12,0,15,16,13,22,113,184,8,21,0,0,315800
2201,1,19,,3.0,1500000US060730022011,60730022011,26.3,26.7,25.8,1806,881,98,624,0,122,0,0,37,16,21,925,61,65,23,55,118,61,15,66,69,29,21,2,0,0,0,0,29215,106,479,10087,55,530,0,0,0,5,0,0,29,0,0,53,35,18,0,0,22,112,97,138,21,0,0,0,245800
2201,2,7,,5.0,1500000US060730022012,60730022012,26.9,27.2,26.4,1901,518,147,123,0,170,0,0,78,0,78,1383,84,70,89,25,80,44,36,23,58,75,34,2,0,0,0,0,27386,19,601,10329,45,575,0,0,0,0,0,0,0,0,0,0,0,25,0,33,55,89,207,129,33,4,0,0,410000
2202,1,3,,1.0,1500000US060730022021,60730022021,23.0,22.5,23.4,1992,519,88,99,0,296,0,12,24,0,24,1473,53,195,65,30,72,39,0,24,15,53,17,5,0,19,0,0,17031,120,467,8971,16,571,0,0,34,17,19,0,0,13,22,9,54,19,7,77,27,125,31,35,0,73,0,9,-
2202,2,5,,2.0,1500000US060730022022,60730022022,24.9,21.0,29.0,2429,745,121,103,0,503,0,0,18,0,18,1684,118,175,37,80,5,10,65,0,53,92,4,11,0,0,0,0,18214,0,650,8052,39,611,0,0,0,30,60,0,0,5,0,8,0,0,7,21,110,87,63,118,62,40,0,0,225800
2202,3,1,,3.0,1500000US060730022023,60730022023,31.5,31.0,32.7,978,410,163,11,0,212,0,0,24,0,24,568,31,42,16,25,38,30,23,35,17,20,44,7,8,9,0,0,31708,32,313,14495,29,316,0,0,0,0,0,0,0,7,0,0,8,9,0,19,49,117,0,44,63,0,0,0,227900
2302,1,2,,,1500000US060730023021,60730023021,34.6,31.8,36.2,2497,1773,374,262,0,1063,0,0,74,0,74,724,184,253,68,56,41,61,45,27,0,21,110,54,15,0,0,0,18621,120,815,12359,81,854,0,0,0,116,54,0,30,12,0,26,4,20,53,142,91,29,46,130,34,15,52,0,332500
2302,2,2,,,1500000US060730023022,60730023022,26.0,29.1,24.1,2114,484,20,164,0,250,0,0,50,0,50,1630,52,94,34,83,48,12,57,0,15,37,0,70,37,0,0,0,27839,15,524,10980,44,495,0,0,0,20,0,0,0,0,0,0,0,58,0,36,56,191,76,47,0,11,0,0,-
2302,3,2,,1.0,1500000US060730023023,60730023023,25.8,25.3,28.0,2200,830,24,465,0,337,0,0,4,0,4,1370,94,63,84,130,19,85,49,40,40,19,0,0,0,0,0,0,23497,29,594,7300,41,582,0,0,0,0,0,10,0,0,25,12,0,0,74,29,101,185,59,58,19,0,0,10,-
2401,1,29,,,1500000US060730024011,60730024011,24.4,24.6,23.6,1486,320,185,95,9,31,0,0,0,0,0,1166,13,51,16,6,21,0,9,17,22,37,56,43,39,0,0,0,53500,29,301,12802,27,303,0,0,0,0,0,0,0,0,0,0,0,0,11,6,65,12,62,56,50,13,28,0,213900
2401,2,2,,,1500000US060730024012,60730024012,29.2,28.8,35.1,1892,961,657,68,0,236,0,0,0,0,0,931,126,17,40,10,35,24,0,40,36,56,46,51,51,0,0,50,42438,58,524,19977,193,389,0,0,0,0,0,0,0,0,7,0,0,0,15,47,81,52,34,77,68,0,0,8,267400
2401,3,5,,2.0,1500000US060730024013,60730024013,33.5,32.8,33.6,1454,1014,448,328,27,126,0,0,85,0,85,440,0,108,80,73,27,39,17,36,22,92,89,46,31,0,13,0,36397,15,658,21828,113,560,0,0,0,24,0,9,0,4,0,0,7,18,0,51,35,80,109,93,95,19,0,16,301300
2402,2,6,,1.0,1500000US060730024022,60730024022,26.0,18.7,31.1,2000,651,183,180,0,288,0,0,0,0,0,1349,116,66,74,13,104,89,41,40,10,15,13,24,0,0,0,0,26396,29,576,8713,40,565,0,0,0,22,6,0,0,0,6,13,0,20,0,29,59,100,98,85,113,0,0,14,266700
2501,1,6,,,1500000US060730025011,60730025011,33.2,30.0,34.5,2863,806,299,308,0,199,0,0,0,0,0,2057,41,63,59,31,7,7,54,0,66,106,73,100,0,4,35,0,49519,14,632,12465,353,293,0,0,0,0,0,8,0,0,0,0,19,0,0,11,25,35,43,99,53,0,0,0,280900
2501,2,4,1.0,,1500000US060730025012,60730025012,38.6,38.6,38.7,1083,526,218,29,0,229,0,0,50,0,50,557,58,10,48,28,9,8,0,27,15,60,15,28,40,5,14,0,41991,0,365,17078,157,208,0,0,0,0,0,0,8,6,0,17,0,0,0,25,9,18,47,4,43,21,0,10,354200
2502,1,2,,4.0,1500000US060730025021,60730025021,36.6,35.7,39.0,3105,1617,967,68,45,400,39,0,98,0,98,1488,36,16,32,7,48,16,13,49,63,103,124,207,73,73,19,51,66375,46,884,25378,751,179,0,0,0,0,0,0,0,0,0,0,0,0,0,7,0,0,0,58,16,52,46,0,297900
2502,2,17,,1.0,1500000US060730025022,60730025022,27.1,24.9,29.0,2518,973,307,461,0,169,0,0,36,0,36,1545,58,42,106,81,47,31,66,0,87,61,82,51,3,13,20,12,38068,62,698,14768,211,549,9,25,9,0,10,16,0,0,0,16,0,0,0,11,10,45,121,163,47,58,0,9,363700
2502,3,5,,1.0,1500000US060730025023,60730025023,39.7,39.1,49.7,663,436,226,90,18,74,0,0,28,0,28,227,35,45,10,34,0,18,48,10,5,21,12,56,0,0,13,0,37599,38,269,21453,83,224,0,0,0,0,0,0,8,0,0,10,0,0,0,31,0,19,0,104,24,28,0,0,323300
2601,1,3,,,1500000US060730026011,60730026011,26.7,29.6,24.2,2379,555,168,82,10,217,0,0,78,0,78,1824,39,6,74,94,43,18,23,76,20,3,53,63,9,0,0,0,33125,10,511,9513,135,386,0,0,0,0,0,0,0,0,11,0,0,32,0,0,0,106,8,81,79,69,0,0,237500
2601,2,1,,3.0,1500000US060730026012,60730026012,25.2,24.2,26.7,2085,510,43,0,0,467,0,0,0,0,0,1575,76,51,61,76,53,75,84,0,10,18,28,24,0,0,2,0,28208,53,505,8774,81,477,0,0,0,0,0,0,0,0,0,0,0,48,0,55,46,103,106,79,40,0,0,0,194100
2601,3,1,,1.0,1500000US060730026013,60730026013,31.3,30.6,32.3,1405,704,400,17,0,273,0,0,14,0,14,701,39,46,42,7,40,0,36,34,20,34,45,44,35,12,0,10,42963,32,412,17443,141,303,0,0,0,0,0,0,8,0,0,18,10,0,0,0,10,30,35,109,33,40,0,10,263900
2602,1,3,,,1500000US060730026021,60730026021,27.3,22.9,34.1,1378,771,107,215,0,436,0,7,6,0,6,607,21,21,0,0,25,62,0,9,10,81,52,33,34,0,5,0,53795,39,314,14995,68,285,0,0,0,0,0,0,19,0,0,10,13,0,0,0,26,31,64,86,0,0,0,36,312900
2602,2,1,,1.0,1500000US060730026022,60730026022,25.7,26.3,25.4,1354,537,126,136,0,251,0,0,24,0,24,817,36,9,56,17,0,38,92,23,46,22,13,18,41,0,0,0,37786,17,394,13727,140,271,0,0,0,0,0,0,0,0,0,0,0,0,0,16,16,33,28,164,0,14,0,0,311300
2602,3,3,,,1500000US060730026023,60730026023,25.6,29.3,25.2,1568,437,77,178,0,182,0,0,0,0,0,1131,34,45,29,12,18,33,42,17,60,65,39,21,7,0,0,24,42273,0,446,15094,48,398,6,0,0,5,0,0,0,0,0,14,0,14,0,0,10,117,44,116,35,37,0,0,305900
2702,1,6,,,1500000US060730027021,60730027021,28.9,28.8,29.7,1217,994,559,280,0,144,0,0,11,0,11,223,0,27,33,18,8,45,73,9,19,41,62,100,28,42,0,0,57950,5,500,27775,223,282,0,0,0,0,0,0,0,0,0,0,10,0,0,0,8,20,0,72,126,11,35,0,250400
2702,2,4,,,1500000US060730027022,60730027022,25.1,24.8,25.3,1339,1049,500,209,0,295,0,0,45,0,45,290,20,23,12,9,33,10,17,0,0,53,88,39,30,26,15,38,62379,18,395,25361,144,269,0,0,0,0,0,0,0,0,0,0,0,7,0,0,0,7,0,113,11,121,0,10,313400
2702,3,2,,3.0,1500000US060730027023,60730027023,28.3,26.8,30.8,2568,1816,771,589,24,324,35,0,73,0,73,752,19,75,89,49,66,13,34,52,124,70,22,55,49,0,0,77,45000,43,751,22568,247,547,9,0,0,0,0,0,0,0,0,0,0,0,32,0,70,78,55,166,85,7,45,0,293800
2703,2,1,,,1500000US060730027032,60730027032,28.0,26.5,33.6,1491,1025,538,101,0,363,0,0,23,0,23,466,15,19,0,15,11,42,10,12,8,37,52,91,15,84,0,0,70655,0,411,22000,210,201,0,0,0,19,0,0,0,0,0,0,0,0,0,0,0,60,47,15,37,23,0,0,253600
2703,4,6,,2.0,1500000US060730027034,60730027034,32.1,30.3,41.4,1606,1342,375,338,0,590,0,0,39,0,39,264,13,0,71,94,0,76,38,15,86,29,47,10,20,41,0,0,36053,31,509,18057,270,270,0,0,0,0,0,0,0,5,0,0,0,0,0,0,8,0,58,63,68,9,59,0,285500
2705,1,6,,1.0,1500000US060730027051,60730027051,33.2,27.9,35.9,2288,1576,268,637,0,650,0,0,21,0,21,712,19,0,48,12,22,111,72,10,23,72,46,79,75,12,0,0,48207,44,557,16404,431,170,35,0,0,0,0,0,0,0,0,0,0,0,0,0,0,7,0,18,61,49,0,0,265100
2705,2,3,,,1500000US060730027052,60730027052,38.3,38.7,34.9,2490,1624,234,252,0,1069,16,0,53,0,53,866,14,37,102,55,33,19,49,29,5,57,73,98,45,57,13,6,50313,22,670,22431,423,269,0,0,0,21,0,0,0,11,0,0,0,12,10,30,0,5,0,56,26,64,34,0,278300
2707,2,1,,,1500000US060730027072,60730027072,27.3,20.8,28.2,1153,666,58,279,0,267,17,0,45,0,45,487,52,28,33,41,32,43,0,39,13,17,31,9,0,0,0,0,27976,36,302,9784,13,325,0,0,0,0,0,0,0,0,0,7,0,0,7,28,20,87,28,75,29,27,17,0,-
2707,3,1,,,1500000US060730027073,60730027073,24.8,20.4,28.6,1091,376,9,102,0,231,0,0,34,0,34,715,46,30,63,17,11,28,0,13,29,30,12,0,0,0,0,0,22574,57,222,8021,32,247,0,0,0,11,0,0,0,0,0,14,0,9,12,32,30,21,21,54,0,32,0,11,231800
2708,2,3,,6.0,1500000US060730027082,60730027082,38.9,43.4,34.8,531,99,9,7,0,56,0,0,27,0,27,432,17,9,25,34,24,0,28,24,0,7,0,0,0,10,0,0,25667,0,178,11486,38,140,0,0,0,39,0,9,0,0,0,0,0,8,0,0,0,43,17,15,0,9,0,0,280000
2708,4,3,,,1500000US060730027084,60730027084,21.0,16.7,21.7,2321,1235,0,685,0,521,0,0,29,0,29,1086,41,84,114,22,15,49,72,43,25,18,65,8,0,0,0,0,30161,60,496,8160,8,548,0,0,0,11,0,0,0,0,0,0,15,0,7,71,104,92,132,108,0,0,0,8,-
2709,1,2,,,1500000US060730027091,60730027091,28.3,25.5,30.1,1967,745,146,421,0,178,0,0,0,0,0,1222,109,101,22,52,19,37,28,67,0,42,32,15,8,33,0,0,24866,82,483,10995,21,544,0,0,0,0,0,0,0,5,0,0,0,0,32,79,84,86,69,90,22,45,17,15,237500
2709,2,1,,3.0,1500000US060730027092,60730027092,32.4,29.7,32.8,1482,762,240,120,0,283,0,0,119,0,119,720,83,54,20,20,50,63,17,28,14,0,29,63,23,16,7,0,31964,67,420,15226,177,310,0,0,0,0,0,0,20,0,0,0,0,0,7,48,23,81,43,42,27,19,0,0,221600
2710,2,7,,1.0,1500000US060730027102,60730027102,26.2,26.4,25.9,2983,1802,211,758,0,756,0,0,77,0,77,1181,69,38,39,70,56,37,40,90,15,44,69,62,52,28,12,35,41021,107,649,16684,175,581,0,0,0,0,0,6,9,28,0,0,9,18,9,64,71,99,144,49,22,18,35,0,287900
2711,1,1,,,1500000US060730027111,60730027111,22.3,22.5,21.9,1941,1448,465,582,0,183,41,0,177,0,177,493,21,0,4,55,51,60,37,30,3,86,84,60,35,0,0,0,50172,7,519,14213,105,421,0,0,0,0,0,0,0,0,0,0,0,0,3,0,0,0,0,25,0,335,58,0,275400
2711,2,2,,,1500000US060730027112,60730027112,37.5,28.1,40.8,1619,1140,299,91,0,735,0,0,15,0,15,479,15,26,19,5,48,15,9,37,18,19,27,81,19,17,0,26,49063,19,362,17937,218,163,0,0,0,14,0,0,0,0,0,0,0,41,0,0,0,0,0,13,69,21,0,5,305200
2712,3,2,,,1500000US060730027123,60730027123,26.8,18.9,28.8,1892,802,139,574,0,62,0,0,27,0,27,1090,81,12,122,68,66,92,6,11,48,61,64,46,29,10,0,0,31250,91,625,15013,146,570,0,0,0,25,0,0,0,10,0,56,0,6,17,0,48,255,48,85,11,0,0,9,157500
2801,1,4,,,1500000US060730028011,60730028011,32.6,38.1,30.5,1617,1315,1017,55,14,224,0,0,5,0,5,302,93,20,12,49,31,10,11,20,14,70,0,49,61,40,41,133,58929,5,649,50736,339,315,0,0,0,0,0,0,0,0,5,0,0,0,5,0,0,0,43,106,64,39,47,6,598300
2801,2,6,,,1500000US060730028012,60730028012,19.9,19.9,19.9,1187,988,726,49,0,121,25,0,67,0,67,199,116,13,0,14,36,0,0,0,0,0,0,0,0,0,0,0,6808,0,179,3001,0,179,0,0,0,0,0,0,0,0,0,0,5,23,10,12,0,0,14,16,36,13,50,0,-
2803,4,2,,1.0,1500000US060730028034,60730028034,32.1,32.2,29.0,1480,1317,1038,28,0,89,0,0,162,0,162,163,28,33,62,51,14,0,38,15,18,67,57,116,21,34,23,63,59615,6,634,35711,331,309,0,0,0,0,0,0,0,0,0,0,0,0,17,0,0,0,21,52,105,88,20,6,365000
2804,1,1,,,1500000US060730028041,60730028041,20.6,22.5,20.3,1990,1702,1457,66,0,130,0,11,38,0,38,288,86,42,23,0,8,49,4,17,15,8,95,12,9,9,0,0,32379,0,377,9208,184,193,0,0,0,0,0,0,0,0,0,0,0,0,0,0,7,19,21,7,23,50,66,0,463600
2804,2,11,1.0,,1500000US060730028042,60730028042,40.1,39.0,42.0,1909,1654,1320,19,0,219,0,0,96,0,96,255,6,0,3,18,30,11,0,40,35,38,95,101,58,74,63,50,82000,13,609,35507,500,122,0,0,0,0,0,0,0,0,0,0,0,0,0,0,8,0,0,8,15,76,5,10,481300
2804,3,3,,,1500000US060730028043,60730028043,37.5,37.9,34.8,954,543,402,74,0,67,0,0,0,0,0,411,38,18,36,32,8,36,0,22,0,15,0,29,11,52,18,22,40125,8,329,26823,149,188,0,0,0,0,0,0,0,8,0,11,8,0,9,20,16,12,7,8,58,8,23,0,462300
2902,1,10,,2.0,1500000US060730029021,60730029021,34.3,29.1,38.2,2670,2367,1984,144,7,104,75,0,53,0,53,303,89,72,67,31,60,70,33,68,47,10,157,91,123,34,66,23,47118,65,976,25763,509,532,0,0,0,25,0,12,0,0,0,0,0,0,11,15,16,14,35,113,56,124,73,38,372500
2902,2,6,,2.0,1500000US060730029022,60730029022,28.8,30.3,28.5,3643,1862,1022,361,16,369,0,0,94,0,94,1781,102,69,114,96,35,100,69,96,12,81,70,250,80,65,51,0,41744,36,1254,20901,391,899,0,0,13,0,0,0,0,0,0,54,0,32,0,11,106,39,136,252,91,95,47,23,399100
2903,1,12,,,1500000US060730029031,60730029031,33.6,31.2,38.3,1641,980,506,217,0,221,0,0,36,0,36,661,39,49,16,26,39,15,50,0,0,24,49,79,64,15,20,8,57604,45,448,20778,231,262,0,0,0,0,0,0,0,0,0,0,0,0,0,0,8,58,35,53,26,61,0,21,305100
2903,2,8,,,1500000US060730029032,60730029032,36.9,36.6,37.6,1059,686,449,58,0,162,0,0,17,0,17,373,12,8,7,0,0,0,0,17,8,39,75,81,61,39,0,6,75750,0,353,28220,260,93,0,0,0,0,0,0,0,0,0,0,0,0,0,0,7,8,12,0,0,57,0,9,338000
2903,3,5,,,1500000US060730029033,60730029033,32.3,31.8,36.2,1536,987,570,227,29,153,0,0,8,0,8,549,28,72,8,9,6,9,57,17,73,53,14,31,91,39,8,0,48750,7,508,22115,349,166,0,0,0,0,0,16,0,0,0,0,0,0,0,0,0,0,0,0,11,134,0,5,269800
2904,1,3,,1.0,1500000US060730029041,60730029041,23.6,28.9,22.3,2637,2255,1732,78,0,357,0,0,88,0,88,382,81,79,27,137,23,13,103,0,0,67,64,106,68,28,9,20,36396,0,825,19100,336,489,0,0,0,0,0,0,0,0,0,0,0,0,62,0,44,32,19,119,91,49,65,8,394400
2904,2,6,,2.0,1500000US060730029042,60730029042,19.5,20.0,19.0,3387,2598,2043,57,0,263,0,0,235,11,224,789,46,12,53,35,15,64,28,0,0,35,14,31,0,0,0,8,30371,0,341,5389,55,286,0,0,0,0,0,0,0,0,0,0,0,0,14,0,0,56,35,47,0,87,47,0,375000
2904,4,1,,,1500000US060730029044,60730029044,23.2,20.5,47.4,983,856,629,0,16,53,0,0,158,0,158,127,57,32,0,45,11,0,30,13,0,15,48,14,0,7,29,8,38292,22,287,20180,64,245,0,0,0,0,0,0,0,0,0,16,0,0,0,0,0,29,44,15,43,59,39,0,424200
2905,1,1,,1.0,1500000US060730029051,60730029051,32.5,33.6,28.7,1255,1009,315,394,42,258,0,0,0,0,0,246,20,57,9,15,71,18,9,27,11,36,76,42,14,34,0,0,41898,11,428,18476,85,354,0,0,0,37,0,0,0,0,0,0,0,30,27,8,9,33,26,46,87,23,28,0,348900
2905,3,2,,,1500000US060730029053,60730029053,25.5,22.2,32.0,2053,1410,774,513,9,35,0,20,59,0,59,643,36,9,0,22,42,56,10,0,45,49,53,75,48,33,18,34,59655,91,439,21075,292,238,0,0,0,0,0,0,9,0,0,0,0,47,0,0,0,10,10,29,67,60,2,4,350300
3001,1,1,,,1500000US060730030011,60730030011,44.1,29.1,44.4,750,498,85,317,0,87,0,9,0,0,0,252,10,22,25,15,6,8,6,9,37,28,22,21,32,8,18,7,49932,6,268,25373,230,44,0,0,0,0,0,0,0,0,0,0,0,0,0,0,7,0,0,8,21,8,0,0,311500
3001,2,2,,1.0,1500000US060730030012,60730030012,29.1,31.7,26.5,1889,540,21,452,0,39,0,0,28,0,28,1349,31,42,36,51,62,34,0,19,8,9,66,67,63,12,7,8,40625,24,491,16014,311,204,0,0,0,24,0,0,0,0,0,70,0,0,0,0,0,21,31,21,12,0,0,25,249700
3001,3,1,,,1500000US060730030013,60730030013,35.4,28.2,41.8,1396,599,141,450,0,8,0,0,0,0,0,797,17,16,33,20,21,7,17,35,51,24,16,76,23,0,32,0,48663,17,371,18108,285,103,0,0,0,0,7,0,0,0,0,0,0,7,0,0,0,9,7,25,24,0,0,24,274800
3003,1,2,,3.0,1500000US060730030031,60730030031,32.5,36.7,27.8,2154,1374,334,709,1,201,0,0,129,0,129,780,12,10,11,12,16,0,31,26,16,53,67,71,147,52,26,11,88594,15,546,24313,384,177,0,0,0,0,0,0,0,0,0,0,0,0,12,0,8,0,27,0,20,12,98,0,318200
3103,1,5,,,1500000US060730031031,60730031031,32.3,30.8,35.5,2250,1610,288,898,0,208,0,0,216,0,216,640,30,0,13,22,24,31,8,26,53,6,94,90,98,25,7,20,71875,24,523,21316,446,101,0,0,0,0,0,0,0,0,0,0,8,0,0,0,0,9,0,6,0,71,0,7,257100
3105,1,1,,1.0,1500000US060730031051,60730031051,37.2,28.9,39.3,2778,725,295,231,0,185,0,0,14,0,14,2053,22,9,17,66,0,86,23,47,7,75,97,108,28,64,0,0,58438,21,628,17346,460,189,0,0,0,0,0,0,0,0,0,0,0,0,0,0,0,28,0,49,0,112,0,0,273700
3105,2,1,,1.0,1500000US060730031052,60730031052,30.0,27.0,32.5,1661,711,32,595,20,38,0,0,26,0,26,950,20,0,0,78,8,8,0,0,27,39,32,88,31,63,0,0,63250,8,386,17312,331,63,0,0,0,0,0,0,0,0,0,0,0,0,0,0,14,3,0,22,0,24,0,0,256000
3107,1,3,,1.0,1500000US060730031071,60730031071,41.1,41.2,40.8,3100,2007,382,494,0,1078,13,0,40,0,40,1093,0,7,0,13,24,26,12,38,82,100,108,220,78,44,43,15,74038,13,797,24267,681,129,0,0,0,0,0,0,0,5,0,0,0,0,0,0,0,0,0,0,37,61,0,26,261100
3109,1,1,,,1500000US060730031091,60730031091,34.3,34.6,33.8,972,945,73,0,0,872,0,0,0,0,0,27,0,0,13,0,7,18,0,0,10,1,46,56,39,7,28,24,92031,0,249,28263,148,101,0,0,0,0,0,0,0,0,0,0,0,0,0,0,0,0,8,16,10,47,20,0,314100
3109,2,1,,,1500000US060730031092,60730031092,30.7,25.7,37.2,1499,1320,43,241,0,903,60,0,73,19,54,179,6,0,0,48,2,0,32,8,11,0,14,35,65,37,16,12,90938,31,255,20401,220,66,0,0,0,0,0,0,0,0,22,0,0,0,0,0,0,0,9,0,8,19,6,2,317400
3109,3,1,,,1500000US060730031093,60730031093,51.7,49.2,55.3,976,884,89,5,0,765,0,0,25,0,25,92,0,0,0,0,9,7,27,7,5,8,25,83,50,3,28,14,93125,10,256,29126,260,6,0,0,0,0,0,0,0,0,0,0,0,0,0,0,0,0,0,0,0,6,0,0,298900
3113,1,2,,3.0,1500000US060730031131,60730031131,41.1,40.8,44.7,2552,2232,161,446,0,1491,34,0,100,0,100,320,11,27,32,20,72,7,37,20,29,61,40,138,119,43,17,0,66953,0,673,20333,570,103,0,0,0,24,0,0,0,0,0,0,0,0,0,0,0,7,0,0,7,65,0,0,276500
3114,2,2,,,1500000US060730031142,60730031142,36.6,31.6,40.5,2296,1957,153,411,0,1253,11,0,129,0,129,339,3,56,4,0,4,25,0,9,17,10,77,96,78,46,53,23,81373,14,487,22278,390,111,0,0,0,20,0,0,0,0,0,0,5,0,0,0,0,12,0,0,0,51,10,13,317900
3115,2,1,,1.0,1500000US060730031152,60730031152,36.3,31.2,42.2,1427,820,159,93,0,473,55,0,40,0,40,607,0,19,0,8,27,39,40,18,31,15,21,67,15,15,0,8,47188,10,313,16945,284,39,0,0,0,0,0,0,0,0,0,23,0,16,0,0,0,0,0,0,0,0,0,0,283500
3115,4,3,,,1500000US060730031154,60730031154,37.5,34.7,39.5,1974,1630,127,131,0,1344,0,0,28,7,21,344,10,0,0,8,21,7,38,30,21,73,27,98,75,56,8,30,84423,16,486,24042,441,61,0,0,0,0,0,0,0,0,0,0,0,0,0,0,0,0,8,17,10,21,5,0,296100
3202,1,1,,,1500000US060730032021,60730032021,29.4,26.0,31.8,2440,598,215,56,0,315,0,0,12,0,12,1842,5,79,0,12,7,19,39,34,42,27,178,89,73,0,9,0,67656,43,570,16622,363,250,0,0,0,14,0,0,0,0,0,0,0,9,0,14,3,10,54,102,11,27,6,0,258900
3202,2,3,,1.0,1500000US060730032022,60730032022,34.4,23.5,38.9,2649,798,553,117,0,74,0,0,54,0,54,1851,26,11,39,52,117,98,8,50,77,62,22,62,36,55,37,8,43190,53,707,17609,614,146,0,0,0,0,12,0,0,0,0,0,0,15,0,10,0,0,0,42,26,33,0,8,290100
3208,1,2,,,1500000US060730032081,60730032081,32.4,32.2,32.6,1469,759,13,216,0,442,0,0,88,0,88,710,52,45,33,67,48,82,0,32,30,70,11,61,11,0,0,0,33293,0,542,14657,0,542,0,0,0,0,0,0,0,0,0,0,0,0,0,11,0,75,66,366,24,0,0,0,-
3208,2,2,,2.0,1500000US060730032082,60730032082,25.8,25.3,34.1,881,481,32,49,0,400,0,0,0,0,0,400,11,0,0,0,0,0,0,11,26,0,23,85,11,0,0,19,75733,0,186,19782,29,157,0,0,0,0,0,0,0,0,0,0,0,0,0,0,0,75,11,47,0,13,11,0,-
3208,3,1,,,1500000US060730032083,60730032083,41.0,32.5,44.1,1264,948,135,141,0,563,0,0,109,0,109,316,0,0,56,19,14,41,12,8,0,66,19,118,58,0,0,0,59205,0,411,21692,364,47,0,0,0,0,0,0,0,0,0,0,0,0,0,0,0,0,0,0,0,47,0,0,156700
3208,4,2,,,1500000US060730032084,60730032084,39.5,26.7,45.2,648,589,5,223,0,361,0,0,0,0,0,59,0,0,0,0,0,0,0,0,0,39,15,25,65,0,26,0,115231,0,170,27681,109,61,0,0,0,0,0,0,0,0,0,0,0,0,0,0,0,0,0,0,0,61,0,0,304400
3209,1,4,,,1500000US060730032091,60730032091,28.6,30.1,28.6,3154,2311,196,540,0,1477,0,0,98,0,98,843,27,68,77,66,15,67,22,40,36,97,85,205,66,59,14,21,53036,36,929,20572,107,858,0,0,0,0,0,0,0,27,0,0,0,0,0,0,30,158,223,248,90,82,0,0,306100
3209,2,5,,,1500000US060730032092,60730032092,30.2,23.4,32.9,1583,859,110,377,0,353,0,0,19,0,19,724,6,18,13,43,0,28,34,51,48,44,0,61,50,19,38,0,46994,42,411,20800,316,137,0,0,0,0,0,0,0,8,0,0,0,0,0,0,0,0,0,30,28,61,0,10,165800
3209,3,5,,,1500000US060730032093,60730032093,32.0,42.0,31.2,922,749,105,244,0,345,0,0,55,0,55,173,14,0,6,0,0,7,12,18,60,19,43,54,6,0,22,8,59659,0,269,21205,220,49,0,0,0,0,0,0,0,0,0,0,0,0,0,0,0,0,0,0,11,38,0,0,187500
3211,1,1,,,1500000US060730032111,60730032111,41.2,40.5,41.4,1941,828,419,14,0,393,0,0,2,0,2,1113,11,27,50,3,29,16,48,32,16,58,83,86,64,22,26,12,60417,9,574,22790,527,56,0,0,0,0,0,0,0,0,0,7,0,0,0,0,0,0,3,14,12,14,0,6,295000
3211,2,2,,,1500000US060730032112,60730032112,33.2,35.0,31.4,1363,675,136,114,0,386,0,0,39,0,39,688,8,0,3,22,9,15,8,8,12,7,47,55,27,30,22,0,74479,12,261,18651,171,102,0,0,0,0,0,0,0,0,0,0,0,0,0,0,0,0,12,24,7,34,14,11,322500
3212,1,3,,,1500000US060730032121,60730032121,47.5,41.7,52.8,1720,1376,407,120,1,848,0,0,0,0,0,344,11,10,10,0,4,60,12,0,0,8,19,99,20,18,36,51,85595,0,358,22923,295,63,0,0,0,0,0,0,0,0,0,0,0,0,0,0,0,0,0,0,0,0,28,35,326100
3212,2,6,,2.0,1500000US060730032122,60730032122,39.3,40.2,38.2,2626,1395,764,33,0,369,126,0,103,0,103,1231,12,0,72,28,7,40,20,40,9,23,82,222,83,19,44,0,75754,23,678,21247,533,168,0,0,0,0,0,0,0,0,0,0,0,0,0,0,0,0,0,92,0,76,0,0,317100
3213,1,2,,,1500000US060730032131,60730032131,29.9,26.7,33.3,1891,1468,115,317,0,887,0,0,149,0,149,423,20,0,3,20,34,4,29,0,0,36,81,155,27,46,28,0,78438,20,463,21764,412,71,0,0,0,0,0,0,0,0,0,0,0,0,0,0,0,0,0,0,0,38,33,0,331400
3213,2,9,,,1500000US060730032132,60730032132,45.1,38.2,48.5,2061,1571,142,201,26,1187,0,0,15,0,15,490,0,33,0,0,16,0,14,16,43,25,22,82,136,32,67,31,102083,0,517,31330,445,72,0,0,0,0,0,0,0,0,0,0,0,0,0,0,0,0,0,0,0,72,0,0,332100
3301,1,2,,,1500000US060730033011,60730033011,35.3,31.7,36.1,1464,433,11,335,0,45,0,0,42,0,42,1031,37,37,45,91,5,11,37,10,21,28,32,20,21,9,0,0,24608,49,355,12039,168,236,0,0,0,0,5,5,0,0,0,4,19,0,12,10,7,11,60,75,9,0,0,19,242500
3301,2,4,,,1500000US060730033012,60730033012,26.9,26.6,28.8,1801,853,45,680,0,105,0,0,23,0,23,948,41,59,71,79,37,33,20,28,24,35,27,20,36,5,15,0,26563,54,476,13267,129,401,0,0,0,26,0,0,0,13,9,22,6,0,0,0,12,48,60,140,47,0,0,18,226900
3304,2,4,,,1500000US060730033042,60730033042,22.9,19.8,23.8,2483,709,275,276,0,146,5,0,7,0,7,1774,106,74,56,20,117,51,73,84,0,42,37,0,7,0,0,0,27591,42,625,8540,189,478,0,0,0,0,0,0,31,2,0,9,0,55,18,82,18,71,42,131,6,0,0,13,21400
3305,3,3,,4.0,1500000US060730033053,60730033053,31.7,39.3,31.0,2693,1269,68,767,0,378,0,0,56,0,56,1424,88,133,93,58,28,52,16,9,15,10,47,33,34,62,7,26,21789,112,599,14451,353,358,9,35,15,6,32,17,20,0,0,19,11,0,0,21,37,73,20,0,0,35,0,8,239600
3401,1,2,,,1500000US060730034011,60730034011,35.2,41.2,34.4,1752,1045,212,468,0,299,16,0,50,0,50,707,16,0,25,9,30,83,55,7,0,67,79,20,99,35,17,0,56429,29,513,21578,358,184,0,0,0,0,0,0,0,0,0,0,0,0,0,0,0,20,15,40,93,0,0,16,270400
3401,2,5,,1.0,1500000US060730034012,60730034012,24.9,24.9,25.5,931,849,262,228,0,241,0,0,118,0,118,82,62,12,63,20,0,15,0,38,85,35,31,8,19,9,0,16,44770,0,413,21356,104,309,0,0,0,0,0,0,0,0,0,0,0,0,0,0,35,0,78,182,0,0,14,0,325000
3401,3,2,,,1500000US060730034013,60730034013,37.4,27.5,54.3,1001,770,300,396,3,48,0,0,23,0,23,231,38,0,0,0,0,0,0,0,16,8,29,101,11,48,0,0,76597,0,251,22119,174,77,0,0,0,0,0,0,0,0,0,0,0,0,0,0,0,0,0,0,69,8,0,0,275000
3401,4,4,,,1500000US060730034014,60730034014,44.0,28.0,54.3,2649,1745,596,722,0,385,1,0,41,0,41,904,43,134,48,47,8,22,24,19,56,100,189,87,37,6,68,0,52287,80,808,22181,648,240,0,0,0,21,43,0,0,53,0,0,0,0,0,16,0,0,21,16,0,38,32,0,216100
3403,1,3,,,1500000US060730034031,60730034031,30.0,33.5,27.6,1243,398,120,210,0,41,0,0,27,0,27,845,10,17,68,26,31,44,40,0,0,14,63,15,39,0,0,0,34155,3,364,13777,126,241,0,0,0,0,0,21,0,31,0,0,0,0,3,39,22,62,6,8,0,37,0,12,257800
3403,2,3,,,1500000US060730034032,60730034032,34.9,31.0,35.6,1556,393,78,148,0,167,0,0,0,0,0,1163,31,0,33,40,18,9,8,54,25,69,43,38,33,10,0,0,46250,23,388,15085,170,241,12,7,0,0,0,0,0,10,0,0,0,0,12,25,9,51,8,48,45,6,8,0,290800
3403,3,1,,,1500000US060730034033,60730034033,27.0,20.6,28.6,1359,357,0,180,0,148,0,0,29,0,29,1002,0,4,82,17,29,22,10,10,0,0,9,68,30,22,0,8,37875,14,297,15262,122,189,0,0,0,0,0,0,0,0,0,8,10,0,0,8,32,14,42,47,28,0,0,0,225400
3404,1,3,,,1500000US060730034041,60730034041,28.3,28.5,27.7,1688,302,37,73,9,140,0,7,36,8,28,1386,10,17,44,21,40,23,20,0,34,54,34,34,14,10,0,0,45625,26,329,11443,180,175,0,0,0,0,0,0,0,0,0,0,0,0,0,0,22,20,47,72,14,0,0,0,262500
3404,2,2,,,1500000US060730034042,60730034042,24.5,24.5,24.5,3363,717,158,408,0,120,31,0,0,0,0,2646,107,46,88,8,10,20,138,62,21,94,53,24,48,17,9,13,38241,48,710,14453,333,425,0,7,0,0,0,11,9,0,0,0,0,0,0,9,32,46,45,148,95,13,10,0,242200
3501,1,7,,,1500000US060730035011,60730035011,28.0,30.5,25.4,1980,140,19,121,0,0,0,0,0,0,0,1840,97,8,26,18,49,25,25,39,26,13,47,0,31,27,0,0,34250,56,375,10587,189,242,0,0,0,30,0,0,0,0,0,24,6,0,0,7,0,13,45,86,18,0,0,13,231100
3501,2,3,,,1500000US060730035012,60730035012,24.2,24.3,23.0,1258,231,74,157,0,0,0,0,0,0,0,1027,58,26,36,28,10,12,39,33,40,29,18,18,9,0,0,0,35870,17,339,11120,62,294,0,0,0,0,0,0,0,0,0,0,7,17,24,8,0,38,45,57,65,33,0,0,233300
3502,1,8,,,1500000US060730035021,60730035021,28.2,30.6,25.5,717,204,12,192,0,0,0,0,0,0,0,513,44,61,42,0,18,0,0,19,11,0,27,0,0,6,0,10,17941,0,238,12058,43,195,0,0,24,34,27,0,0,10,0,0,0,0,0,0,29,0,0,25,19,0,0,27,360500
3502,2,6,,,1500000US060730035022,60730035022,25.2,24.6,25.8,2209,398,73,201,0,76,0,0,48,0,48,1811,104,47,24,63,9,58,0,12,20,77,27,51,25,11,0,0,31518,46,482,11061,180,348,14,0,0,0,0,0,0,18,0,0,15,0,19,0,7,85,0,91,29,38,0,32,234400
3502,3,6,,,1500000US060730035023,60730035023,30.5,23.5,32.7,2073,423,137,244,0,21,0,21,0,0,0,1650,86,39,38,57,38,46,58,17,17,28,43,28,8,0,0,0,27461,32,471,8783,156,347,0,0,0,0,0,0,6,21,0,24,0,0,18,7,47,38,54,35,29,38,0,30,195300
3601,1,2,,3.0,1500000US060730036011,60730036011,25.8,24.9,26.3,3044,277,87,47,13,127,0,3,0,0,0,2767,91,84,111,51,44,26,34,43,28,46,71,48,17,0,0,14,26518,26,682,10137,292,416,0,0,0,27,0,16,0,9,0,6,4,6,0,12,42,76,33,80,72,24,0,9,226200
3602,1,8,,1.0,1500000US060730036021,60730036021,24.7,25.5,23.8,2151,354,17,181,0,75,0,0,81,0,81,1797,16,8,16,75,58,5,12,0,25,9,76,29,38,3,23,0,48150,40,353,12277,147,246,11,0,0,0,5,0,0,0,9,5,4,0,0,0,11,38,0,60,74,19,10,0,214100
3603,2,1,,1.0,1500000US060730036032,60730036032,28.9,31.5,26.9,1702,453,78,134,0,241,0,0,0,0,0,1249,30,19,81,37,8,48,21,37,8,45,7,43,9,15,24,0,34635,64,368,13901,134,298,0,0,0,0,0,0,0,9,0,21,0,19,0,25,0,92,26,17,45,44,0,0,324000
3901,1,1,,,1500000US060730039011,60730039011,18.0,17.7,18.6,1638,117,19,66,0,32,0,0,0,0,0,1521,30,67,10,44,0,43,11,24,9,0,10,18,27,0,0,5,24875,30,268,10299,49,249,0,10,0,0,5,5,0,0,0,0,0,24,11,13,0,17,10,102,17,31,0,4,142200
3901,2,3,,,1500000US060730039012,60730039012,26.9,22.4,34.3,1329,74,0,34,0,40,0,0,0,0,0,1255,24,43,26,91,21,13,3,36,6,8,6,3,0,13,0,0,22477,28,265,7134,130,163,0,0,0,0,0,0,0,0,0,0,0,0,0,26,50,16,0,33,9,18,0,11,173800
3901,3,4,,1.0,1500000US060730039013,60730039013,33.5,27.1,38.5,1461,271,67,180,0,24,0,0,0,0,0,1190,54,24,51,57,19,0,5,10,12,53,14,30,14,10,0,2,24115,11,344,11202,104,251,6,0,0,0,0,0,14,5,14,12,0,0,11,16,9,14,17,34,38,40,0,21,261500
3902,1,14,,3.0,1500000US060730039021,60730039021,22.6,22.6,22.6,791,93,33,60,0,0,0,0,0,0,0,698,6,10,7,16,0,0,35,27,0,7,0,37,0,0,0,0,39063,4,141,9156,42,103,0,0,0,0,0,0,0,6,0,0,0,0,0,22,0,31,10,27,7,0,0,0,196900
3902,2,1,,,1500000US060730039022,60730039022,29.7,29.2,30.5,2018,261,39,222,0,0,0,0,0,0,0,1757,48,57,72,40,35,9,31,13,5,17,30,27,58,0,0,0,25417,62,380,9750,132,310,0,0,0,0,0,0,0,0,0,0,24,0,0,21,22,20,67,54,36,0,0,66,320000
3902,4,1,,1.0,1500000US060730039024,60730039024,26.9,29.7,23.5,1154,121,96,24,0,1,0,0,0,0,0,1033,65,17,27,10,9,21,29,25,32,24,0,11,7,0,0,0,31250,25,252,8443,64,213,0,0,0,0,0,0,0,22,0,18,0,9,0,0,0,65,33,19,4,25,0,18,417900
4000,1,1,,,1500000US060730040001,60730040001,22.4,22.8,21.9,1727,122,16,37,0,42,0,0,27,0,27,1605,50,51,21,54,6,55,14,5,30,51,14,19,0,0,0,0,30197,13,357,7669,88,282,0,0,0,0,0,5,0,0,0,0,0,0,0,0,13,99,21,61,40,43,0,0,205400
4000,2,4,1.0,6.0,1500000US060730040002,60730040002,32.5,32.3,34.4,1001,347,64,283,0,0,0,0,0,0,0,654,50,15,19,56,13,0,12,0,0,24,42,0,0,0,12,0,22180,41,202,10646,66,177,0,0,0,8,0,0,0,0,0,0,19,16,0,0,30,46,17,11,3,27,0,0,373700
4000,3,4,,2.0,1500000US060730040003,60730040003,28.4,28.6,28.1,1826,180,74,59,0,15,0,0,32,0,32,1646,33,0,0,62,46,9,46,45,0,61,0,0,16,58,0,0,39310,9,367,12859,67,309,0,0,0,0,0,0,0,0,0,7,0,13,0,0,87,81,18,48,55,0,0,0,228900
4000,4,4,,3.0,1500000US060730040004,60730040004,27.4,25.3,44.1,753,204,55,149,0,0,0,0,0,0,0,549,8,33,51,25,17,12,6,0,10,26,35,0,10,0,0,0,22450,28,205,13261,26,207,0,0,0,8,0,0,0,0,0,101,0,0,0,0,6,8,33,17,28,6,0,0,18600
4100,1,6,,,1500000US060730041001,60730041001,33.9,35.0,30.5,1069,436,251,20,21,15,0,114,15,0,15,633,21,44,0,13,0,14,59,0,0,113,80,18,25,0,10,0,52083,0,397,23329,62,335,0,0,8,0,0,0,0,0,0,0,0,0,13,0,68,66,0,71,57,52,0,0,280600
4100,2,5,,8.0,1500000US060730041002,60730041002,33.0,35.1,31.8,1723,802,625,122,7,32,0,0,16,0,16,921,28,40,48,97,80,46,50,27,67,22,160,79,9,0,14,0,39680,0,767,22787,82,685,0,0,0,0,0,0,0,0,0,0,0,35,0,32,72,188,43,178,118,19,0,0,461100
4100,3,8,,4.0,1500000US060730041003,60730041003,31.3,32.4,29.9,2010,1048,597,318,0,56,0,0,77,0,77,962,63,28,14,108,0,43,55,92,29,46,68,106,73,19,59,0,44779,48,755,25649,181,622,0,0,0,0,0,0,0,0,0,0,0,0,14,13,66,97,53,334,35,10,0,0,259500
4100,4,1,,2.0,1500000US060730041004,60730041004,30.4,31.4,28.4,1905,773,488,105,45,71,0,0,64,0,64,1132,47,49,32,174,65,94,10,18,41,47,35,70,9,10,21,27,30493,29,720,20462,158,591,0,0,7,0,0,0,0,0,0,0,0,18,0,0,0,123,188,165,76,14,0,0,381000
4200,1,3,,2.0,1500000US060730042001,60730042001,37.3,34.6,41.4,2325,1561,1358,86,18,62,0,0,37,0,37,764,0,41,102,15,11,45,123,42,0,0,31,121,74,92,45,64,68833,22,784,32800,574,232,0,0,0,0,0,0,0,0,0,41,0,14,0,0,11,0,0,65,20,69,0,12,519400
4200,2,4,,,1500000US060730042002,60730042002,43.0,47.5,41.6,1962,1632,1529,0,6,61,0,0,36,0,36,330,0,11,0,3,0,33,14,27,71,119,111,120,18,61,136,95,83692,29,790,44622,648,171,0,0,0,0,11,0,0,0,0,0,0,0,0,0,0,0,0,21,0,117,22,0,559800
4200,3,2,1.0,,1500000US060730042003,60730042003,33.6,37.4,28.8,950,871,759,0,0,23,0,17,72,0,72,79,0,0,15,0,0,0,0,8,0,24,10,24,51,132,40,77,129017,18,363,53852,223,158,0,0,0,0,0,0,0,0,0,0,0,0,0,0,0,26,0,0,13,75,44,0,631100
4200,4,2,1.0,,1500000US060730042004,60730042004,38.5,32.9,42.6,813,652,626,15,0,0,0,0,11,0,11,161,0,15,6,19,0,73,32,0,9,11,8,31,43,0,27,53,52159,9,318,42934,233,94,0,0,0,0,0,0,0,0,0,0,0,0,0,0,0,0,0,82,0,0,12,0,541300
4300,1,2,,1.0,1500000US060730043001,60730043001,36.0,36.9,35.2,591,381,357,6,0,9,0,0,9,0,9,210,0,0,0,7,17,0,6,31,0,25,38,23,0,41,22,23,71914,0,233,40200,136,97,0,0,0,0,0,0,0,0,0,0,0,0,0,11,0,16,6,40,0,17,7,0,653600
4300,2,2,,,1500000US060730043002,60730043002,38.4,39.2,37.7,1874,1636,1346,50,0,137,0,0,103,0,103,238,39,6,17,18,6,52,0,0,84,75,65,102,55,104,160,113,97778,8,888,55367,431,465,0,0,0,0,0,0,0,0,0,0,0,5,0,0,25,108,59,33,91,74,70,0,621800
4300,3,2,,2.0,1500000US060730043003,60730043003,36.8,39.4,28.9,1286,998,779,68,0,51,0,0,100,0,100,288,69,6,47,6,6,7,0,30,16,41,37,42,44,27,84,96,77333,6,552,48373,305,253,0,0,0,0,0,0,0,5,6,0,6,0,0,34,13,11,22,52,48,7,49,0,658100
4400,1,2,1.0,2.0,1500000US060730044001,60730044001,42.3,37.5,45.1,1017,721,630,33,0,58,0,0,0,0,0,296,21,28,29,39,0,24,8,98,0,49,93,20,72,0,11,16,53103,0,508,33033,207,301,0,0,0,0,0,0,0,5,0,0,0,0,0,11,0,61,16,110,18,22,22,36,473000
4400,2,16,,,1500000US060730044002,60730044002,35.5,36.6,34.9,1247,899,742,124,10,10,0,0,13,0,13,348,8,23,42,0,84,15,18,38,8,49,65,160,1,28,39,40,70909,7,611,40467,160,458,0,0,0,0,0,0,9,0,0,5,0,8,65,9,43,47,39,137,18,78,0,0,492100
4400,3,2,,,1500000US060730044003,60730044003,33.8,36.5,33.0,941,562,483,22,0,26,0,0,31,0,31,379,0,18,32,0,5,26,14,17,14,43,32,18,18,14,32,41,56579,14,310,34053,203,121,0,0,0,0,0,0,0,0,0,0,0,24,0,0,11,0,27,8,0,45,6,0,641300
4400,4,3,,3.0,1500000US060730044004,60730044004,38.4,41.5,35.9,712,520,421,23,2,18,0,0,56,0,56,192,0,24,11,0,0,0,12,0,0,46,6,42,13,42,18,60,96833,13,261,50806,128,146,0,0,0,0,0,0,12,0,0,0,0,0,0,0,23,21,0,10,0,71,9,0,691500
4501,1,8,,2.0,1500000US060730045011,60730045011,29.5,30.0,27.5,1618,636,469,10,0,92,0,0,65,0,65,982,29,17,19,32,56,23,85,8,72,40,86,81,55,7,12,0,48729,10,612,21990,64,558,0,0,0,0,0,0,0,0,0,10,0,0,12,39,23,75,24,212,51,112,0,0,221600
4501,3,1,,,1500000US060730045013,60730045013,30.4,30.5,30.4,688,377,302,0,0,31,0,0,44,7,37,311,12,9,15,7,0,0,48,10,14,9,48,53,0,54,16,47,74643,0,342,52156,28,314,0,0,0,0,9,0,0,0,0,0,5,0,7,23,10,24,12,73,33,89,29,0,694400
4600,1,2,,3.0,1500000US060730046001,60730046001,34.2,34.3,34.0,1397,1016,787,73,0,78,0,0,78,0,78,381,52,24,49,91,20,33,20,59,10,30,130,91,93,17,41,20,60122,13,767,39089,112,668,0,0,0,0,0,0,0,0,9,0,0,26,20,23,45,74,110,150,82,115,14,0,555100
4600,2,2,,5.0,1500000US060730046002,60730046002,40.4,40.3,42.1,498,380,209,56,12,97,0,0,6,0,6,118,22,45,8,12,36,20,18,0,0,15,11,45,0,0,19,7,31364,8,250,43391,44,214,0,0,0,0,0,0,0,0,0,0,8,0,0,18,25,15,19,82,20,27,0,0,352600
4700,1,1,,2.0,1500000US060730047001,60730047001,28.0,26.6,32.5,968,261,131,116,4,10,0,0,0,0,0,707,52,54,26,13,51,28,12,5,6,22,0,33,12,15,0,0,26318,52,277,13945,29,300,0,0,0,3,0,4,0,6,0,0,12,0,33,26,37,45,31,65,34,4,0,0,342000
4700,2,5,,2.0,1500000US060730047002,60730047002,38.8,32.4,42.0,913,121,102,8,11,0,0,0,0,0,0,792,50,49,48,31,24,35,13,0,21,49,7,11,20,0,0,0,25500,34,324,13593,88,270,0,0,0,4,0,0,0,0,14,0,14,0,5,5,39,79,56,49,5,0,0,0,494600
4800,1,7,,3.0,1500000US060730048001,60730048001,20.8,20.5,21.7,1356,291,0,284,0,7,0,0,0,0,0,1065,46,9,19,51,10,53,0,0,12,22,34,30,0,0,0,9,30893,30,265,15048,37,258,0,0,0,0,0,0,9,0,0,0,0,22,0,17,21,32,58,86,0,13,0,0,58400
4800,2,3,,5.0,1500000US060730048002,60730048002,30.8,29.2,31.9,1432,148,123,11,0,14,0,0,0,0,0,1284,30,11,78,27,38,0,96,29,31,71,33,0,0,6,3,0,38607,25,428,12841,129,324,0,0,0,0,3,0,0,7,0,0,0,25,16,55,42,26,65,37,31,17,0,0,323800
4800,3,9,,,1500000US060730048003,60730048003,23.8,27.6,19.8,926,52,33,12,0,7,0,0,0,0,0,874,19,7,54,10,53,16,0,15,41,18,21,4,0,6,0,8,29417,2,270,12578,12,260,0,0,0,0,33,0,11,0,0,0,0,0,0,46,19,32,16,62,27,6,0,8,-
4900,1,10,,,1500000US060730049001,60730049001,28.1,24.3,32.6,1557,294,118,158,0,18,0,0,0,0,0,1263,65,41,18,59,15,0,51,42,27,31,37,35,5,0,0,0,36172,38,388,10771,45,381,0,0,0,0,0,0,0,0,0,0,0,29,76,11,29,35,21,88,22,70,0,0,123400
4900,2,6,,,1500000US060730049002,60730049002,26.9,26.7,29.3,1381,64,64,0,0,0,0,0,0,0,0,1317,20,45,52,82,43,5,19,35,9,8,34,15,10,0,0,10,24596,24,363,12917,93,294,16,0,0,0,0,0,0,9,0,30,0,0,9,54,0,79,24,18,35,20,0,0,279300
4900,3,20,,1.0,1500000US060730049003,60730049003,26.2,25.9,26.9,2298,241,112,118,0,11,0,0,0,0,0,2057,81,85,32,69,49,30,7,31,5,57,14,54,31,9,8,0,25875,26,536,10957,95,467,0,0,0,0,23,0,0,0,0,0,0,0,35,42,45,100,17,74,52,65,0,14,266200
5000,1,16,,4.0,1500000US060730050001,60730050001,25.4,25.0,26.0,2637,246,93,96,45,0,4,0,8,0,8,2391,48,85,105,68,71,20,39,41,0,26,40,29,0,35,0,11,25144,64,554,9901,102,516,0,0,0,7,0,0,26,17,0,8,23,34,10,8,52,121,79,91,0,15,0,25,217500
5100,2,26,,38.0,1500000US060730051002,60730051002,35.6,37.6,31.9,5317,4086,2821,821,30,226,5,0,183,9,174,1231,359,321,113,260,65,68,89,125,70,71,57,215,217,59,204,110,35435,80,2323,31216,441,1962,30,0,0,28,0,0,10,29,59,104,98,183,154,76,59,35,73,202,157,304,331,30,382700
5200,1,10,,14.0,1500000US060730052001,60730052001,33.0,33.8,32.1,2700,2153,1358,326,0,349,16,12,92,0,92,547,257,51,61,91,47,115,0,92,57,159,91,71,177,28,98,70,45811,19,1446,38637,170,1295,0,0,13,44,0,14,0,0,12,15,30,48,0,17,0,9,153,193,315,349,69,14,325000
5200,2,3,,13.0,1500000US060730052002,60730052002,30.0,29.8,30.5,2501,1951,1424,220,0,246,0,0,61,0,61,550,268,281,172,192,35,56,44,45,11,31,162,90,37,44,69,72,21969,49,1560,31729,139,1470,30,0,27,96,14,0,13,27,40,31,92,95,77,0,70,74,0,230,37,307,210,0,276200
5300,1,1,,11.0,1500000US060730053001,60730053001,34.5,35.1,31.0,701,542,437,91,0,14,0,0,0,0,0,159,30,65,59,0,51,14,0,0,0,77,14,27,64,51,14,47,51218,17,496,54560,61,452,0,0,0,0,0,0,32,0,0,23,0,36,43,0,0,0,56,12,69,120,61,0,246200
5300,2,5,,11.0,1500000US060730053002,60730053002,36.5,36.3,38.3,1285,1133,894,29,0,158,0,14,38,0,38,152,153,121,25,26,111,0,33,28,59,24,59,108,65,42,30,34,36742,0,918,42074,13,905,15,0,0,84,0,0,14,39,26,32,0,0,55,14,0,61,0,136,15,363,51,0,-
5300,3,15,,12.0,1500000US060730053003,60730053003,37.6,36.5,42.3,2500,1258,776,342,8,111,0,0,21,0,21,1242,27,89,65,0,0,0,15,0,0,0,9,10,15,0,0,0,12472,0,230,14165,0,230,0,0,0,0,157,0,0,26,0,0,0,0,0,0,0,0,13,0,0,34,0,0,-
5300,4,3,,8.0,1500000US060730053004,60730053004,40.4,46.1,33.4,1412,1217,813,240,0,133,0,0,31,0,31,195,39,42,0,50,35,12,68,13,0,72,110,38,57,77,70,116,67088,12,787,73554,321,478,0,0,0,0,0,0,0,0,0,0,0,0,13,0,13,0,36,107,134,68,107,0,890400
5400,1,3,,7.0,1500000US060730054001,60730054001,51.5,46.9,51.9,631,480,480,0,0,0,0,0,0,0,0,151,36,0,0,0,0,0,38,0,0,42,23,25,0,46,98,112,153750,0,420,184088,240,180,0,0,0,0,0,0,0,0,0,0,0,0,0,0,0,0,0,0,0,25,119,36,664300
5400,2,15,,14.0,1500000US060730054002,60730054002,47.8,44.4,54.3,2651,2132,1499,25,0,549,46,0,13,13,0,519,130,127,0,23,0,86,20,91,35,79,27,169,183,147,194,242,96250,21,1532,67363,871,682,23,39,0,65,81,0,0,0,0,0,0,0,0,0,0,40,0,0,64,0,302,68,548400
5400,3,4,,5.0,1500000US060730054003,60730054003,60.4,60.0,60.6,945,880,747,27,0,106,0,0,0,0,0,65,9,61,0,0,0,18,0,90,11,65,122,121,26,24,30,88,70509,0,665,79641,232,433,0,0,0,0,0,0,0,0,0,0,0,0,0,0,0,0,0,0,99,237,74,23,603700
5400,4,1,,23.0,1500000US060730054004,60730054004,36.2,39.5,31.4,3039,2683,1868,237,0,346,0,0,232,0,232,356,207,192,35,67,104,140,24,29,0,14,191,292,213,77,96,406,81432,24,2063,75782,492,1595,0,0,0,0,12,0,23,0,0,50,0,0,73,118,62,79,142,66,24,269,511,166,453200
5500,1,4,,,1500000US060730055001,60730055001,24.3,24.6,21.5,151,126,76,27,0,8,8,5,2,0,2,25,0,0,0,0,0,0,0,0,0,0,0,0,0,0,0,0,-,0,0,25417,0,0,0,0,0,0,0,0,0,0,0,0,0,0,0,0,0,0,0,0,0,0,0,0,-
5600,1,5,,7.0,1500000US060730056001,60730056001,46.7,42.7,47.6,1624,1459,1132,51,39,172,0,0,65,0,65,165,16,206,197,120,0,67,48,42,0,98,121,101,111,39,71,61,38958,0,1298,54601,265,1033,0,0,11,0,76,95,41,111,96,38,42,10,16,10,0,0,0,31,39,191,202,24,347500
5600,2,38,2.0,15.0,1500000US060730056002,60730056002,34.8,39.8,33.5,2107,1743,1435,154,0,115,0,39,0,0,0,364,70,76,62,126,105,27,12,19,25,110,97,224,125,15,141,161,70925,11,1384,64058,414,981,0,0,0,0,0,0,0,0,0,0,0,0,0,29,12,89,60,127,164,369,131,0,408000
5800,1,6,,8.0,1500000US060730058001,60730058001,31.5,32.7,29.7,2859,2400,2149,77,0,153,0,0,21,0,21,459,158,29,25,0,22,105,16,52,41,183,141,232,127,130,140,203,78071,25,1579,56828,413,1191,0,0,0,0,0,12,0,0,0,0,0,14,0,9,18,18,98,84,85,317,512,24,374800
5900,1,3,,1.0,1500000US060730059001,60730059001,37.7,41.9,35.2,985,815,709,73,10,23,0,0,0,0,0,170,41,8,35,68,5,54,15,55,80,56,14,82,43,11,61,18,47188,10,636,47151,110,536,0,0,0,10,0,0,0,0,0,0,0,32,0,23,0,105,70,132,48,71,35,10,384200
6000,1,4,,1.0,1500000US060730060001,60730060001,39.9,47.0,32.0,1040,930,861,13,0,39,0,0,17,0,17,110,75,27,47,52,57,18,15,15,0,38,50,104,49,63,27,13,51900,13,637,43512,157,493,0,0,0,0,75,0,0,0,0,0,0,0,0,0,0,120,27,151,0,68,27,25,532200
6000,2,5,,,1500000US060730060002,60730060002,50.6,42.7,73.6,1241,1061,1009,42,0,10,0,0,0,0,0,180,13,0,63,99,128,51,37,20,27,13,112,35,35,38,24,44,38547,35,704,39804,137,602,0,0,0,0,0,0,0,0,0,0,0,35,0,0,0,79,105,82,26,149,107,19,727600
6000,3,7,,2.0,1500000US060730060003,60730060003,44.8,43.8,51.6,1481,1339,1168,2,0,103,0,66,0,0,0,142,23,62,0,38,32,20,33,13,0,73,51,92,96,32,82,142,92688,0,789,79623,453,336,0,0,0,0,0,0,0,0,0,0,0,0,0,0,0,107,72,43,35,79,0,0,597400
6100,1,1,,,1500000US060730061001,60730061001,35.0,34.4,35.9,1836,1383,1115,64,0,80,22,0,102,17,85,453,54,20,3,58,7,90,36,0,17,39,55,153,90,81,54,71,90109,39,789,49623,338,490,0,0,0,0,0,0,0,0,4,0,0,0,0,13,10,93,31,163,50,99,24,3,476500
6100,2,6,,3.0,1500000US060730061002,60730061002,35.3,45.9,28.5,546,405,356,33,0,0,0,0,16,0,16,141,14,39,7,31,32,13,14,19,0,33,27,13,13,21,4,21,40066,18,283,35811,62,239,0,0,0,0,0,0,0,0,0,0,0,0,30,34,0,27,13,25,47,63,0,0,376900
6200,1,3,,,1500000US060730062001,60730062001,22.6,22.6,-,26,26,22,4,0,0,0,0,0,0,0,0,0,0,0,0,0,0,0,0,0,0,0,0,0,0,0,0,-,0,0,26419,0,0,0,0,0,0,0,0,0,0,0,0,0,0,0,0,0,0,0,0,0,0,0,0,-
6500,1,3,,1.0,1500000US060730065001,60730065001,61.0,58.1,61.7,1065,826,609,85,0,80,26,0,26,0,26,239,88,158,104,67,42,36,8,7,42,13,47,8,16,0,11,0,18877,17,630,19592,49,598,6,0,0,25,0,0,0,0,0,14,21,0,6,8,25,302,146,13,18,8,0,6,189900
6500,2,13,,7.0,1500000US060730065002,60730065002,36.5,38.6,28.9,938,696,503,114,0,43,27,9,0,0,0,242,41,64,28,7,6,78,34,12,13,29,6,51,46,46,27,38,41042,0,526,51061,108,418,0,0,0,0,0,6,0,0,0,6,0,0,0,0,7,42,42,219,20,29,47,0,517000
6500,3,4,,6.0,1500000US060730065003,60730065003,45.4,45.7,35.5,776,592,457,42,15,52,0,0,26,0,26,184,38,11,0,13,0,0,0,0,0,20,52,30,65,11,24,0,74500,4,260,29218,91,173,0,0,0,0,0,0,0,0,7,0,0,0,0,0,0,0,26,20,7,71,42,0,441300
6801,1,1,,,1500000US060730068011,60730068011,37.4,38.4,36.0,2441,2147,1934,25,21,124,0,0,43,0,43,294,7,164,61,198,6,22,13,123,7,65,161,131,154,53,69,20,51912,62,1192,34033,479,775,0,0,0,49,6,0,6,0,8,25,0,28,6,0,0,33,45,149,102,277,28,13,292600
7200,2,9,,22.0,1500000US060730072002,60730072002,40.4,25.3,47.1,3142,2964,2762,33,0,96,0,42,31,0,31,178,60,20,8,28,0,36,19,11,9,66,88,137,54,56,99,286,106806,0,977,57338,834,143,0,0,0,0,0,0,0,9,0,0,0,0,0,0,0,0,0,21,0,0,104,9,"1,000,000+"
7301,2,2,1.0,5.0,1500000US060730073012,60730073012,34.5,39.9,33.0,1423,1287,1259,0,0,0,0,12,16,0,16,136,34,22,8,30,0,30,24,36,14,143,160,216,151,29,13,0,70956,0,910,45930,74,836,0,0,0,0,0,0,0,0,0,14,0,0,0,0,0,57,0,252,274,193,17,29,784900
7301,3,7,,,1500000US060730073013,60730073013,34.6,35.4,31.9,1213,1151,1137,0,0,0,0,0,14,0,14,62,78,21,51,15,10,86,0,12,40,31,73,73,72,87,25,18,60139,0,692,40706,144,548,0,0,0,0,0,0,0,0,0,9,0,0,0,0,0,0,136,166,78,146,13,0,726700
7301,4,1,,1.0,1500000US060730073014,60730073014,30.7,30.8,29.8,685,640,609,0,0,31,0,0,0,0,0,45,0,0,34,35,14,0,23,0,55,19,18,136,47,0,0,12,74792,0,393,49855,48,345,0,0,0,0,0,0,0,0,0,0,0,0,0,0,0,15,14,122,67,104,13,10,583300
7400,1,2,,,1500000US060730074001,60730074001,27.3,26.6,27.7,922,762,712,0,0,0,0,0,50,0,50,160,41,54,0,13,13,25,30,46,0,27,50,65,53,13,0,0,42120,13,417,25551,55,375,0,0,0,0,0,0,0,0,0,0,0,0,14,0,42,12,13,101,65,128,0,0,358000
7400,6,1,,,1500000US060730074006,60730074006,44.7,30.8,51.5,1033,933,908,0,0,15,0,0,10,0,10,100,16,17,0,0,0,9,0,0,0,0,25,72,43,49,8,88,123221,17,310,45016,215,112,0,0,0,0,0,0,0,0,17,0,0,0,0,0,0,0,0,10,0,26,44,15,717000
7501,4,1,,,1500000US060730075014,60730075014,29.0,27.4,35.9,671,642,602,24,16,0,0,0,0,0,0,29,12,38,14,15,28,24,0,45,32,58,66,31,17,0,0,0,48594,0,380,30198,49,331,0,0,0,0,0,0,0,0,0,21,0,0,0,0,0,29,116,81,67,17,0,0,430000
7502,1,6,,,1500000US060730075021,60730075021,36.1,36.6,34.5,850,752,699,0,0,36,0,0,17,0,17,98,10,14,9,8,17,10,38,0,14,33,25,10,91,39,52,41,109583,0,411,53721,110,301,0,0,0,0,0,0,0,0,8,0,0,10,0,9,0,30,28,12,90,58,53,3,694400
7502,2,1,,3.0,1500000US060730075022,60730075022,30.4,34.0,30.1,816,642,577,0,0,13,0,26,26,0,26,174,18,0,8,63,0,8,83,16,39,17,100,60,68,46,7,9,61759,0,542,46664,97,445,0,0,0,0,0,0,0,0,0,0,0,0,0,0,0,47,53,168,88,72,17,0,413600
7502,3,1,,2.0,1500000US060730075023,60730075023,30.9,33.3,30.7,1142,1008,946,62,0,0,0,0,0,0,0,134,74,15,34,13,48,52,0,32,23,51,61,88,56,29,7,7,50833,0,590,31955,82,508,0,0,0,0,0,0,0,0,0,0,0,20,9,0,0,28,41,150,103,112,45,0,731500
7600,1,31,1.0,12.0,1500000US060730076001,60730076001,44.6,37.0,47.2,691,616,611,0,0,0,0,0,5,0,5,75,0,39,21,0,0,8,11,41,9,59,0,100,15,24,15,0,57375,0,342,34840,153,189,0,0,0,0,0,0,0,0,0,0,0,0,0,0,0,21,0,29,72,45,13,9,24400
7600,2,5,,2.0,1500000US060730076002,60730076002,22.2,22.5,21.3,969,954,881,0,0,0,0,0,73,0,73,15,42,0,0,46,23,0,0,28,0,31,15,26,21,30,11,29,56579,0,302,32314,57,245,0,0,0,0,0,0,0,15,0,0,0,0,42,0,0,12,0,61,32,14,69,0,450000
7600,3,19,,13.0,1500000US060730076003,60730076003,49.4,49.5,49.3,616,600,547,21,0,32,0,0,0,0,0,16,54,33,13,23,0,83,14,0,0,28,48,30,13,36,42,18,37054,11,424,48317,83,352,0,0,0,0,0,0,0,0,0,0,0,21,34,0,11,23,99,27,15,88,34,0,919600
7600,5,1,,6.0,1500000US060730076005,60730076005,53.8,60.5,34.5,417,417,417,0,0,0,0,0,0,0,0,0,12,0,0,12,0,0,0,27,54,22,40,94,32,0,0,16,64219,0,309,58603,65,244,0,0,0,0,0,0,22,0,0,0,0,0,0,0,0,15,40,93,21,46,7,0,744000
7600,6,5,,4.0,1500000US060730076006,60730076006,31.6,43.7,31.3,549,518,518,0,0,0,0,0,0,0,0,31,65,48,0,14,12,0,13,12,44,22,25,0,21,23,16,53,46136,0,368,48783,139,229,0,0,0,0,0,0,0,0,0,0,0,0,0,0,0,0,56,59,0,12,90,12,"1,000,000+"
7600,7,4,,,1500000US060730076007,60730076007,33.0,33.0,31.9,416,416,386,0,0,0,30,0,0,0,0,0,46,0,12,0,0,23,9,0,13,52,0,46,0,13,37,43,52115,0,294,159538,112,182,0,0,0,0,0,0,0,0,0,0,0,0,0,0,0,0,40,58,9,75,0,0,878000
7701,1,2,,2.0,1500000US060730077011,60730077011,35.6,44.7,30.1,1280,1234,1208,0,0,26,0,0,0,0,0,46,14,9,10,27,41,37,9,32,10,17,128,197,95,35,50,75,79005,15,771,64870,460,326,0,0,0,0,0,0,0,0,0,0,0,0,0,0,0,0,34,33,92,90,35,42,632900
7701,2,1,,1.0,1500000US060730077012,60730077012,36.3,37.3,35.2,1240,1137,1127,0,10,0,0,0,0,0,0,103,10,42,4,10,0,0,40,0,0,65,68,176,16,6,44,90,78523,0,571,49852,244,327,0,0,0,0,0,0,0,0,0,0,0,0,0,0,46,17,0,57,43,127,37,0,825000
7702,3,3,,,1500000US060730077023,60730077023,30.1,25.8,33.5,886,701,663,21,0,17,0,0,0,0,0,185,12,0,34,47,18,37,0,0,11,37,33,157,34,0,53,0,78170,0,473,43149,81,392,12,0,0,0,0,0,0,0,0,0,0,0,0,0,0,13,0,142,29,154,23,19,498300
7800,1,6,,1.0,1500000US060730078001,60730078001,26.4,26.8,24.9,2132,1322,1306,0,0,16,0,0,0,0,0,810,57,0,85,56,50,73,0,55,80,177,158,147,5,13,0,0,50455,0,956,23743,34,922,0,0,0,0,0,0,0,0,0,0,0,0,14,14,0,185,85,206,267,43,108,0,-
7800,2,7,1.0,,1500000US060730078002,60730078002,32.0,32.7,30.1,962,962,778,0,0,154,0,0,30,0,30,0,14,0,0,0,0,0,0,0,0,0,15,65,40,14,37,105,140625,0,290,48977,135,155,0,0,0,0,0,0,0,0,0,0,0,0,0,0,0,0,0,0,0,15,140,0,714000
7800,4,2,,,1500000US060730078004,60730078004,24.4,24.5,23.0,426,343,315,28,0,0,0,0,0,0,0,83,0,23,0,0,49,12,41,0,0,0,29,36,30,0,0,0,36585,0,220,29372,0,220,0,0,0,0,0,0,0,0,0,0,0,0,0,0,0,31,16,37,66,49,14,7,-
7903,1,1,,,1500000US060730079031,60730079031,30.8,31.2,29.0,995,880,828,0,0,52,0,0,0,0,0,115,11,44,11,0,0,14,68,52,16,80,9,40,26,23,82,25,52156,10,491,48771,111,390,0,0,0,0,0,0,0,0,0,0,0,0,0,0,0,14,9,55,70,210,21,11,445000
7903,3,1,,1.0,1500000US060730079033,60730079033,25.7,39.1,22.1,1141,1055,1012,0,0,43,0,0,0,0,0,86,27,62,10,11,10,0,19,45,0,24,23,43,92,44,9,32,71902,0,451,46589,205,246,0,0,0,0,0,0,0,0,0,0,0,0,0,0,6,21,0,53,87,12,67,0,737500
7905,1,1,,5.0,1500000US060730079051,60730079051,33.5,33.2,36.6,915,800,771,0,11,18,0,0,0,0,0,115,39,0,11,32,0,41,0,4,0,53,52,130,13,19,59,26,78672,0,479,49114,83,396,0,0,0,0,0,0,0,0,11,6,32,0,0,0,0,6,34,94,95,33,85,0,661900
7905,2,1,,1.0,1500000US060730079052,60730079052,24.5,24.9,23.5,1364,1294,1260,1,16,11,0,0,6,0,6,70,77,53,21,44,36,46,31,22,47,11,78,53,51,30,25,0,40938,0,625,25851,115,510,0,0,0,0,0,0,0,0,0,0,0,0,0,0,0,10,67,152,50,151,70,10,614900
7907,1,1,,,1500000US060730079071,60730079071,26.8,28.9,25.6,1591,1425,1352,0,0,12,0,45,16,0,16,166,50,35,7,46,22,15,55,54,28,74,41,149,0,27,51,68,58311,11,711,39496,90,632,0,0,0,0,0,0,0,0,0,6,14,0,0,6,0,38,86,134,79,136,98,35,458300
7910,1,3,,9.0,1500000US060730079101,60730079101,31.3,28.9,38.2,1407,1346,1286,11,0,13,0,0,36,0,36,61,61,16,26,16,27,10,14,0,8,91,121,76,70,46,97,23,72880,16,686,46142,193,509,0,0,0,0,0,0,0,0,0,0,0,0,0,0,0,0,43,221,29,65,135,16,810400
7910,2,1,,1.0,1500000US060730079102,60730079102,29.2,29.2,29.3,1592,1469,1369,0,0,54,0,0,46,0,46,123,151,4,16,25,36,14,25,23,94,64,108,146,51,118,24,19,60240,22,896,42835,95,823,0,0,0,0,0,0,0,0,0,0,0,0,0,9,14,45,63,249,207,121,104,11,507700
8002,2,2,,,1500000US060730080022,60730080022,37.1,33.7,44.5,916,862,748,0,111,3,0,0,0,0,0,54,19,0,0,0,14,0,9,0,0,66,28,13,88,0,51,60,107222,0,348,56790,248,100,0,0,0,0,0,0,0,0,0,0,0,0,0,0,0,0,3,6,29,8,54,0,900500
8002,3,2,,,1500000US060730080023,60730080023,38.1,38.5,28.0,771,684,629,0,0,25,0,0,30,0,30,87,6,0,9,6,21,6,0,10,24,31,17,48,42,13,15,101,84125,0,349,115468,251,98,0,0,0,0,0,0,0,0,0,0,0,0,0,0,0,0,0,49,17,0,23,9,738200
8003,3,1,,8.0,1500000US060730080033,60730080033,37.4,37.8,34.5,982,833,670,48,0,102,0,0,13,0,13,149,67,11,0,45,24,0,10,0,15,11,25,59,98,37,86,32,94797,0,520,56708,79,441,0,0,0,0,0,0,0,0,0,0,0,0,0,0,0,28,11,33,19,198,124,28,757800
8101,3,4,,2.0,1500000US060730081013,60730081013,60.1,46.8,62.5,786,786,749,14,0,23,0,0,0,0,0,0,24,72,0,12,35,0,23,0,15,33,0,24,26,43,68,53,70000,0,428,49398,240,188,0,0,0,0,0,36,25,0,0,0,0,0,0,0,0,14,0,0,0,48,65,0,"1,000,000+"
8101,4,1,,1.0,1500000US060730081014,60730081014,31.6,31.0,31.7,972,848,788,0,35,25,0,0,0,0,0,124,56,0,0,0,18,6,0,16,7,68,22,91,0,84,38,79,93608,0,485,68511,98,387,0,0,0,0,0,0,0,0,0,42,0,0,0,0,0,35,0,31,36,146,97,0,"1,000,000+"
8102,1,2,,3.0,1500000US060730081021,60730081021,55.4,55.5,52.7,594,576,540,0,0,36,0,0,0,0,0,18,8,8,0,0,7,0,0,0,15,8,0,23,21,22,60,120,171364,0,292,139748,234,58,0,0,0,0,0,0,0,0,0,0,0,0,0,0,0,0,0,0,0,38,20,0,"1,000,000+"
8200,1,1,,1.0,1500000US060730082001,60730082001,55.9,42.5,61.2,724,686,657,5,0,0,0,10,14,0,14,38,90,65,35,8,39,9,0,34,7,50,32,26,12,8,23,69,40551,37,470,55406,145,362,0,0,0,0,0,0,0,0,0,0,0,0,0,0,0,8,17,185,10,45,97,0,871300
8200,2,1,,4.0,1500000US060730082002,60730082002,66.7,71.6,64.5,1116,1100,875,16,0,200,0,0,9,0,9,16,33,9,35,18,18,38,35,19,19,0,93,26,0,78,130,97,77188,0,648,96965,223,425,0,0,0,0,0,0,0,0,0,0,0,0,0,0,0,7,0,17,57,110,208,26,879700
8301,2,1,,,1500000US060730083012,60730083012,53.4,53.6,46.5,1023,922,861,0,0,61,0,0,0,0,0,101,16,0,8,0,0,8,0,8,0,30,27,38,54,49,53,104,132697,0,395,57177,345,50,0,0,0,0,0,0,0,0,0,0,0,0,0,0,0,0,0,0,8,0,24,18,858100
8303,3,1,,,1500000US060730083033,60730083033,56.0,61.0,53.2,571,571,571,0,0,0,0,0,0,0,0,0,13,0,0,0,0,0,0,6,0,9,17,28,72,16,0,57,107143,0,218,69420,186,32,0,0,0,0,0,0,0,0,0,0,0,0,0,0,0,0,0,0,6,0,13,13,"1,000,000+"
8306,3,1,,,1500000US060730083063,60730083063,49.0,46.9,49.9,1544,1417,1294,0,0,50,0,26,47,0,47,127,11,0,10,0,46,11,5,0,0,55,32,60,78,33,79,134,113167,0,554,53605,464,90,0,0,0,0,0,0,0,0,0,0,0,0,0,0,0,0,0,0,0,0,79,11,758100
8313,2,1,,,1500000US060730083132,60730083132,57.9,58.0,57.9,1015,966,857,0,0,109,0,0,0,0,0,49,0,10,0,0,4,8,0,3,16,0,9,45,22,30,71,187,189375,0,405,93563,357,48,0,0,0,0,0,0,0,0,0,0,0,19,0,0,0,0,0,0,0,3,19,7,"1,000,000+"
8328,1,1,,4.0,1500000US060730083281,60730083281,38.0,41.4,37.1,5373,5006,3328,139,0,1390,0,0,149,0,149,367,81,61,16,25,8,7,20,0,41,72,80,74,169,119,190,750,168281,29,1684,76546,1387,326,0,0,0,0,0,0,0,0,0,14,12,6,9,0,0,7,0,106,0,41,112,19,"1,000,000+"
8333,1,2,,11.0,1500000US060730083331,60730083331,34.3,37.3,33.2,7672,7176,3749,16,0,2814,0,0,597,0,597,496,206,61,0,0,44,16,0,62,47,57,161,296,233,277,472,701,133841,0,2633,61335,1169,1464,0,0,0,0,0,0,0,0,0,0,0,0,0,0,0,0,0,0,25,362,1060,17,970500
8333,2,2,,1.0,1500000US060730083332,60730083332,37.2,37.3,37.2,6877,6226,3819,96,0,1911,0,0,400,0,400,651,79,32,76,0,0,98,35,26,0,63,60,81,265,227,371,793,153808,25,2181,61947,1689,517,0,0,0,0,0,0,0,0,0,0,0,0,0,0,0,0,0,0,49,251,217,0,909600
8335,2,1,,,1500000US060730083352,60730083352,30.8,29.1,41.0,1467,1318,789,0,0,529,0,0,0,0,0,149,0,14,0,0,0,0,0,0,0,0,39,14,79,85,76,82,141224,13,376,46267,291,98,0,0,0,0,0,0,0,0,0,0,0,0,0,0,0,0,0,0,0,0,98,0,632400
8335,3,2,,1.0,1500000US060730083353,60730083353,37.1,35.8,38.6,8923,8255,4332,220,0,3501,0,0,202,0,202,668,0,96,70,0,12,30,71,40,41,31,121,233,255,290,604,778,150898,17,2655,48068,1915,757,0,0,20,0,0,0,0,28,0,47,9,24,16,47,0,0,0,152,0,43,353,18,708800
8337,3,1,,,1500000US060730083373,60730083373,38.9,35.5,42.8,1723,1582,1038,46,0,204,0,0,294,0,294,141,7,16,17,0,0,0,25,7,0,6,8,43,127,51,84,91,120000,13,469,38472,417,65,0,0,0,0,0,0,0,0,0,0,0,0,0,0,0,0,0,0,0,25,40,0,513400
8346,1,1,,5.0,1500000US060730083461,60730083461,36.8,34.0,39.5,3178,2708,1308,9,11,1304,0,0,76,14,62,470,7,0,0,22,14,6,10,6,11,0,77,158,99,165,233,236,140119,8,1036,52879,786,258,0,0,0,0,0,0,0,4,0,0,0,0,0,0,0,0,0,0,34,76,126,18,640800
8349,2,1,,2.0,1500000US060730083492,60730083492,41.4,37.3,44.8,2037,1777,517,84,0,1049,0,0,127,0,127,260,34,0,12,69,0,0,13,30,40,31,48,93,77,54,48,16,78750,31,534,24756,346,219,0,0,0,0,0,0,38,0,0,0,0,0,0,0,0,0,14,9,34,95,24,5,406600
8351,3,1,,,1500000US060730083513,60730083513,30.5,34.5,29.0,682,602,255,4,0,291,0,0,52,0,52,80,0,0,13,5,10,34,5,12,0,32,54,29,41,10,0,9,61026,7,247,29355,103,151,0,0,0,0,0,0,0,0,0,0,0,0,0,0,0,0,0,31,50,49,21,0,404600
8352,1,1,,,1500000US060730083521,60730083521,39.3,41.2,38.3,1258,960,361,98,0,393,52,0,56,0,56,298,0,12,9,0,0,11,0,0,9,8,71,64,33,84,9,19,95759,9,320,29049,265,64,0,0,0,0,0,0,0,0,0,0,0,0,0,0,0,0,0,0,16,0,48,0,418300
8355,2,1,,1.0,1500000US060730083552,60730083552,37.4,37.3,37.5,2723,2298,685,180,0,1322,0,12,99,0,99,425,22,11,17,0,22,6,6,11,12,40,95,98,117,82,113,58,101293,11,699,32765,498,212,0,0,0,0,0,0,0,21,0,0,0,0,0,5,0,0,0,34,7,45,83,17,451600
8357,1,3,,,1500000US060730083571,60730083571,32.8,32.8,32.8,1588,1468,438,22,0,941,0,0,67,0,67,120,11,21,25,0,5,5,0,16,40,14,22,110,48,64,13,20,83750,0,414,26346,235,179,0,0,0,0,0,0,0,0,0,0,0,0,0,0,0,0,0,0,23,131,20,5,363700
8359,1,2,,1.0,1500000US060730083591,60730083591,28.7,28.0,30.3,1684,1499,696,144,28,601,0,0,30,0,30,185,44,20,45,15,38,51,15,58,118,46,87,132,97,31,49,16,54286,26,836,36006,122,740,0,0,0,0,0,0,0,0,0,0,0,4,0,0,0,19,0,202,285,150,64,16,82400
8360,1,1,,,1500000US060730083601,60730083601,32.8,32.4,34.7,1836,1485,762,160,0,493,0,0,70,0,70,351,51,30,0,0,0,116,0,54,0,33,108,96,63,55,40,61,64982,0,707,33153,431,276,0,0,0,0,0,0,0,18,0,0,0,0,0,0,0,0,0,12,126,31,89,0,199100
8362,1,1,,1.0,1500000US060730083621,60730083621,35.6,39.1,33.6,1324,1217,979,70,0,158,0,0,10,0,10,107,104,0,44,26,8,75,20,58,5,53,5,42,111,41,7,34,42015,0,633,32667,278,355,0,0,0,0,0,0,0,0,0,0,0,0,0,0,0,0,0,14,83,108,67,83,418000
8501,2,1,,,1500000US060730085012,60730085012,35.2,29.3,45.7,2115,1959,1864,3,0,36,0,35,21,0,21,156,0,26,35,67,0,10,0,0,22,46,43,233,95,57,141,15,84051,11,779,37166,483,307,0,0,0,0,0,0,0,0,0,0,0,0,0,0,0,0,22,34,77,91,83,0,468600
8502,4,1,,,1500000US060730085024,60730085024,48.2,46.5,50.0,1420,1182,1031,18,0,90,0,30,13,0,13,238,0,35,59,15,14,35,0,13,11,66,169,66,22,34,0,0,63180,0,539,23509,363,176,0,0,0,0,0,0,0,0,0,0,0,0,0,0,0,0,0,37,54,72,13,0,453400
8502,5,2,,2.0,1500000US060730085025,60730085025,35.0,33.3,42.5,1531,843,781,0,0,49,0,0,13,0,13,688,0,45,0,22,13,17,25,38,14,69,44,170,34,47,0,19,73750,14,543,28812,176,381,0,0,0,33,0,0,0,0,0,0,0,0,0,0,0,0,24,32,162,116,14,0,397900
8503,1,4,,1.0,1500000US060730085031,60730085031,37.6,33.4,43.5,1657,1431,1283,45,0,66,0,0,37,0,37,226,101,69,0,46,32,43,21,14,30,125,100,177,46,0,41,12,51813,62,795,33955,294,563,0,0,0,0,0,0,0,0,0,0,0,0,0,0,17,55,44,334,113,0,0,0,661500
8503,2,16,,,1500000US060730085032,60730085032,40.1,36.5,41.5,1342,933,767,100,0,25,0,0,41,0,41,409,0,35,0,15,23,0,26,14,35,111,63,33,36,0,65,0,58510,0,456,24978,175,281,15,0,0,0,0,0,0,0,0,0,0,0,0,0,0,16,0,63,137,50,0,0,413500
8503,3,16,,1.0,1500000US060730085033,60730085033,46.2,43.4,53.8,2262,1747,1445,0,0,294,0,8,0,0,0,515,0,0,0,16,43,60,46,0,0,27,99,137,128,144,100,46,96364,9,837,39036,701,145,0,0,0,0,0,0,0,0,0,0,0,0,0,13,0,0,0,0,0,63,69,0,461400
8503,4,1,,1.0,1500000US060730085034,60730085034,34.5,31.6,39.6,1642,1502,1132,0,0,370,0,0,0,0,0,140,46,0,15,0,19,0,33,0,0,51,101,79,15,77,22,177,96955,21,614,52310,447,188,0,0,0,0,0,0,0,0,0,0,0,0,0,0,0,0,0,48,51,73,16,0,601000
8504,3,2,,,1500000US060730085043,60730085043,35.7,33.7,40.6,1161,915,634,28,0,144,0,0,109,0,109,246,44,18,0,79,18,0,86,17,89,55,50,36,25,9,12,6,46923,12,532,25258,326,218,0,0,0,0,0,0,0,0,41,12,0,0,0,0,0,0,9,28,61,0,55,12,467600
8504,4,1,,,1500000US060730085044,60730085044,54.0,53.8,55.5,760,735,705,0,0,30,0,0,0,0,0,25,0,0,0,0,0,10,13,0,0,105,45,67,30,40,27,12,80188,19,330,44188,339,10,0,0,0,0,0,0,0,0,0,0,0,0,0,0,0,0,0,0,0,10,0,0,456500
8504,5,2,,,1500000US060730085045,60730085045,50.0,48.9,50.2,1782,1614,1388,0,50,162,0,0,14,0,14,168,15,0,38,21,33,43,17,30,0,11,69,58,89,145,88,34,100691,19,672,40250,562,129,0,0,0,0,0,0,0,0,0,0,0,0,0,0,0,0,0,0,0,0,83,46,496900
8505,1,1,,3.0,1500000US060730085051,60730085051,41.3,38.1,51.5,1567,1195,1002,47,0,111,0,0,35,0,35,372,0,11,0,87,25,13,0,34,37,136,77,39,54,59,38,18,56884,0,628,31764,417,211,0,0,0,0,0,0,0,0,0,0,0,0,0,0,0,58,40,79,0,13,21,0,444600
8505,2,4,,,1500000US060730085052,60730085052,29.7,29.0,32.4,1130,960,527,115,39,254,0,0,25,0,25,170,116,13,35,0,0,18,19,47,23,11,18,50,21,22,0,50,41090,11,432,26605,162,281,0,0,0,0,0,0,0,0,0,0,12,20,0,0,0,39,45,71,43,39,12,0,500000
8505,4,2,,2.0,1500000US060730085054,60730085054,43.7,42.2,50.0,902,817,744,0,0,12,0,0,61,0,61,85,0,13,13,0,0,40,12,0,19,14,50,55,31,57,34,0,92864,13,325,35108,300,38,0,0,0,0,0,0,0,0,0,0,0,0,0,0,0,38,0,0,0,0,0,0,447600
8505,5,12,,1.0,1500000US060730085055,60730085055,40.6,46.1,40.3,1474,938,657,0,11,217,0,0,53,0,53,536,0,11,0,0,25,69,0,0,42,60,94,56,0,59,0,52,61298,0,468,28118,241,227,0,52,0,0,0,0,0,0,0,0,0,0,0,0,0,12,0,116,0,33,14,0,447100
8506,2,2,,,1500000US060730085062,60730085062,34.6,32.3,39.3,1787,1218,792,25,0,376,0,0,25,0,25,569,14,5,23,13,0,0,78,0,30,42,52,41,122,53,39,7,83068,10,509,26668,344,175,0,0,0,0,0,0,0,0,0,0,0,10,0,0,0,0,0,22,49,85,9,0,392200
8506,3,2,1.0,1.0,1500000US060730085063,60730085063,42.7,43.1,41.8,1602,1416,1313,8,0,95,0,0,0,0,0,186,16,9,8,0,0,15,0,37,17,28,49,145,81,36,71,34,90833,7,539,35958,352,194,0,0,0,0,0,0,0,0,0,0,0,0,0,0,0,0,0,32,20,130,12,0,419600
8507,1,1,,,1500000US060730085071,60730085071,41.5,42.1,40.6,1754,1509,662,0,0,770,0,0,77,0,77,245,0,15,18,19,41,0,0,19,30,0,77,144,85,65,43,17,88772,0,573,31165,558,15,0,0,0,0,0,0,0,0,0,0,0,0,0,0,0,0,0,0,0,15,0,0,518300
8507,2,3,,,1500000US060730085072,60730085072,47.4,47.8,40.7,855,695,433,169,0,0,0,0,93,0,93,160,0,0,41,0,0,0,37,0,13,0,68,64,0,22,10,106,90457,0,361,52839,184,177,0,0,0,0,0,0,0,0,0,0,0,0,46,0,0,0,0,77,41,13,0,0,410700
8507,3,1,,,1500000US060730085073,60730085073,40.2,28.3,40.9,1542,1295,470,315,0,276,0,0,234,0,234,247,0,93,36,31,0,26,72,0,72,39,86,55,35,14,0,0,47662,0,559,19659,178,381,0,0,0,0,0,0,42,0,0,0,0,0,0,0,0,15,14,114,175,0,0,21,475300
8507,6,1,,,1500000US060730085076,60730085076,34.6,30.5,40.3,1154,762,554,0,0,35,27,0,146,0,146,392,12,72,13,16,0,0,0,17,0,17,0,51,35,18,37,0,52059,0,288,23404,174,114,0,0,0,0,0,0,0,0,0,0,0,0,0,0,17,0,13,47,10,27,0,0,360500
8509,3,1,,,1500000US060730085093,60730085093,37.5,37.9,36.4,687,552,452,1,0,65,0,0,34,0,34,135,0,0,11,11,66,29,12,0,49,0,20,28,19,0,50,0,47939,11,284,30298,205,90,0,0,0,0,0,0,0,0,0,0,0,0,0,0,0,0,0,45,0,32,13,0,440500
8509,4,2,,1.0,1500000US060730085094,60730085094,37.0,36.2,37.9,3427,2722,1337,408,12,696,0,30,239,0,239,705,58,59,54,153,46,26,98,130,53,106,206,94,103,34,83,30,49153,10,1323,29300,458,875,0,0,0,45,10,22,20,58,0,36,0,9,0,0,10,0,44,300,204,105,0,12,316700
8509,5,22,,,1500000US060730085095,60730085095,30.5,30.9,29.0,1309,983,676,0,0,252,0,0,55,0,55,326,50,11,69,29,0,0,43,0,0,22,80,67,16,24,33,0,57273,0,444,22108,224,220,0,0,0,0,0,0,0,0,0,0,0,0,0,0,0,28,10,44,58,80,0,0,414500
8510,1,1,,,1500000US060730085101,60730085101,34.1,27.5,34.9,1965,1809,1165,75,0,502,0,0,67,0,67,156,85,21,0,0,79,17,78,79,0,29,0,93,45,75,59,13,44185,57,616,26077,248,425,0,0,0,0,0,0,0,0,0,0,0,0,0,0,0,18,18,118,13,108,150,0,250000
8511,1,14,,11.0,1500000US060730085111,60730085111,35.1,31.9,37.9,3100,2570,1490,185,0,752,0,0,143,29,114,530,62,65,7,65,25,41,50,45,54,81,130,222,209,143,169,14,77260,15,1367,39784,747,635,15,0,0,0,0,11,0,0,0,0,0,0,0,0,0,37,0,23,71,269,192,17,315600
8512,3,2,,1.0,1500000US060730085123,60730085123,42.8,44.4,42.0,2392,2139,1882,35,0,162,0,0,60,0,60,253,0,31,0,77,18,32,9,25,40,56,84,152,94,99,75,44,86382,8,828,34134,779,57,0,0,0,0,0,0,0,0,0,0,0,0,0,0,0,0,0,0,8,41,8,0,491300
8600,1,3,,1.0,1500000US060730086001,60730086001,41.2,41.3,41.0,2712,2034,1202,146,0,577,0,10,99,9,90,678,32,24,33,43,33,60,32,22,38,63,138,107,85,25,54,40,63274,19,810,24688,540,289,0,0,0,0,0,11,0,0,0,30,0,6,0,0,0,0,0,47,82,95,18,0,286900
8600,3,3,,3.0,1500000US060730086003,60730086003,28.5,28.4,29.8,879,681,105,35,0,516,0,0,25,0,25,198,32,15,19,0,0,39,0,0,0,26,82,6,38,11,0,0,60395,0,268,17826,61,207,0,0,0,0,0,0,0,40,0,0,0,0,0,46,32,13,0,31,9,30,0,6,359800
8702,1,4,,,1500000US060730087021,60730087021,43.1,41.9,44.1,1697,1343,826,159,3,310,11,0,34,0,34,354,55,0,6,9,0,23,9,11,0,31,33,65,20,44,84,5,84830,8,387,27654,244,151,0,0,0,0,0,0,0,0,0,0,0,0,0,0,0,0,0,0,6,105,30,10,353700
8702,2,1,,2.0,1500000US060730087022,60730087022,42.8,43.5,42.4,1701,1279,869,62,61,258,0,0,29,0,29,422,55,25,11,41,29,42,18,0,41,41,56,136,75,31,52,33,67386,0,686,33796,397,289,0,0,0,0,0,0,0,0,0,25,0,0,0,9,20,6,86,65,8,51,16,3,408300
8800,1,1,,3.0,1500000US060730088001,60730088001,28.5,25.0,30.3,2052,1569,157,195,16,1108,8,0,85,0,85,483,13,23,36,47,35,7,17,115,5,52,24,91,14,6,15,0,41667,49,451,13844,187,313,0,0,0,0,0,0,0,0,9,0,0,0,0,0,11,27,43,69,36,73,31,14,414700
8800,2,1,,3.0,1500000US060730088002,60730088002,32.4,27.6,43.2,1114,877,193,297,9,337,0,0,41,0,41,237,36,47,55,18,26,17,28,0,0,42,48,37,15,0,27,0,34583,36,360,19439,71,325,0,0,0,9,0,9,0,10,0,0,0,0,0,0,0,7,0,140,92,6,52,0,361200
8800,3,1,,,1500000US060730088003,60730088003,39.3,41.2,39.1,2086,1601,414,0,23,932,0,0,232,0,232,485,10,72,0,20,14,30,23,43,39,13,78,82,38,37,31,0,65278,5,525,19578,312,218,0,0,0,0,0,0,0,0,0,0,0,0,0,0,0,19,13,49,39,98,0,0,409600
8902,1,43,,,1500000US060730089021,60730089021,30.8,30.6,33.5,1074,962,683,58,9,176,0,0,36,0,36,112,27,18,35,11,77,27,22,0,30,100,59,143,37,21,36,7,57885,0,650,40175,214,436,0,0,0,0,0,0,0,27,0,0,0,0,26,11,0,0,0,20,0,303,49,0,245100
8902,2,5,,,1500000US060730089022,60730089022,46.6,41.8,54.2,1134,976,799,75,0,102,0,0,0,0,0,158,75,8,19,26,9,65,17,9,26,101,34,74,106,34,39,18,57344,8,652,42274,436,224,0,0,0,0,0,0,0,0,0,9,0,0,0,0,0,9,11,9,17,136,17,16,307000
9000,1,1,,,1500000US060730090001,60730090001,32.0,31.5,33.6,2903,1393,719,83,30,306,0,37,218,68,150,1510,83,53,60,27,32,55,72,49,53,40,27,159,106,32,45,70,47382,69,894,26914,300,663,0,0,0,0,0,0,0,0,24,9,0,0,0,0,7,47,110,145,174,74,65,8,430400
9101,1,1,,2.0,1500000US060730091011,60730091011,41.4,41.8,40.6,1013,935,716,178,1,40,0,0,0,0,0,78,13,0,14,0,16,15,12,0,20,37,32,170,56,0,12,9,86184,0,406,34726,292,114,0,0,0,0,0,0,0,0,0,0,0,0,0,0,0,0,0,13,63,38,0,0,628500
9101,2,1,,,1500000US060730091012,60730091012,45.4,39.2,54.2,2035,1698,1523,16,0,106,0,0,53,0,53,337,27,14,28,52,49,0,40,71,14,36,126,196,17,18,68,109,71299,0,865,39814,512,353,0,0,0,0,0,0,0,0,0,0,0,0,0,0,0,0,41,82,149,54,9,18,580000
9101,4,4,,,1500000US060730091014,60730091014,49.1,49.8,48.4,1792,1551,1224,0,0,256,28,0,43,0,43,241,26,0,34,10,0,21,0,32,12,102,74,61,31,78,106,95,86964,8,674,54598,614,68,0,0,0,0,0,0,0,0,0,0,0,0,0,0,0,10,0,0,0,0,58,0,614200
9102,2,1,,2.0,1500000US060730091022,60730091022,28.6,30.3,27.0,2082,1317,907,36,18,215,12,23,106,0,106,765,99,14,46,80,62,61,101,97,47,63,135,110,32,17,44,18,42824,17,1009,28191,126,900,0,0,0,0,0,0,0,0,0,0,0,0,0,16,0,23,36,423,299,92,11,0,447200
9103,4,2,,,1500000US060730091034,60730091034,43.3,44.4,42.9,971,810,748,0,0,13,1,0,48,0,48,161,8,58,7,15,16,34,28,9,16,17,34,41,63,32,25,10,59531,31,382,32779,226,187,0,0,0,0,0,0,0,0,0,0,0,0,0,0,28,55,43,10,15,25,11,0,559000
9104,2,1,,,1500000US060730091042,60730091042,56.1,52.3,56.8,1466,1407,1138,31,0,81,0,0,157,0,157,59,0,39,18,20,36,31,43,12,8,47,31,54,106,67,81,81,97000,14,660,52141,608,66,0,0,0,0,0,0,0,0,0,0,0,0,0,0,0,0,0,0,0,13,53,0,609300
9106,1,15,,,1500000US060730091061,60730091061,43.5,41.9,45.3,859,704,607,6,0,91,0,0,0,0,0,155,35,10,28,14,9,19,16,18,33,40,39,61,30,24,41,6,59063,9,414,37355,216,207,0,0,0,0,0,0,0,0,0,6,0,0,24,0,12,21,22,26,27,40,25,4,495300
9106,2,3,,2.0,1500000US060730091062,60730091062,19.5,19.7,19.4,2795,2433,1890,62,5,283,16,31,146,6,140,362,48,15,5,13,0,0,15,4,31,0,0,4,4,28,0,0,37917,4,163,4829,105,62,0,0,0,0,0,0,0,0,0,28,0,13,0,0,0,0,0,17,0,4,0,0,20600
9201,1,3,,4.0,1500000US060730092011,60730092011,28.2,28.3,28.0,1473,1177,407,350,0,340,0,0,80,0,80,296,0,30,27,11,26,9,22,0,33,44,82,66,36,51,11,10,66103,23,435,24470,50,408,0,0,11,0,0,0,0,0,0,12,0,0,0,0,0,9,7,59,39,162,109,0,433300
9201,3,1,,4.0,1500000US060730092013,60730092013,42.2,43.6,40.8,1410,1002,796,0,0,153,0,0,53,15,38,408,0,10,20,5,21,9,7,21,9,13,47,69,149,23,33,54,102059,9,481,38516,427,63,0,0,0,0,0,0,0,0,0,0,0,0,0,0,0,0,0,11,5,9,38,0,375100
9202,1,2,,2.0,1500000US060730092021,60730092021,34.0,31.4,38.6,1562,1334,958,53,0,169,0,21,133,0,133,228,51,20,18,18,23,0,0,28,7,64,82,61,105,110,45,53,83125,0,685,42403,238,447,0,0,0,0,0,0,0,0,0,0,9,11,0,15,9,0,0,0,0,145,248,10,433600
9301,3,1,,,1500000US060730093013,60730093013,29.9,32.2,28.2,1665,1141,522,211,87,311,0,0,10,0,10,524,31,23,30,16,46,37,85,29,9,43,92,64,46,30,59,0,51522,16,624,27075,189,451,0,0,0,0,0,0,0,0,0,0,0,0,0,0,0,7,31,325,44,20,0,24,178200
9304,1,4,,2.0,1500000US060730093041,60730093041,28.2,30.1,27.4,2734,2095,1458,174,0,267,0,13,183,0,183,639,107,18,45,0,54,19,37,18,0,198,294,229,89,214,31,17,69079,0,1370,40988,89,1281,0,0,0,0,0,0,0,0,0,0,0,0,0,0,0,37,0,45,92,898,191,18,270700
9304,2,14,,1.0,1500000US060730093042,60730093042,36.1,39.8,30.5,1461,1330,1038,171,0,95,0,0,26,0,26,131,79,17,0,15,0,39,17,0,16,37,71,233,132,22,46,53,86380,0,777,52222,291,486,0,0,0,0,0,0,0,0,0,0,0,0,0,0,0,0,0,0,72,329,85,0,372600
9306,2,1,,,1500000US060730093062,60730093062,44.3,32.5,44.9,430,411,198,15,0,145,0,0,53,0,53,19,14,0,0,2,4,28,0,0,0,0,51,11,41,15,0,0,63710,12,154,30863,134,32,0,0,0,0,0,0,0,0,0,0,0,0,0,0,0,0,0,16,0,2,0,14,380700
9505,1,1,,,1500000US060730095051,60730095051,51.6,52.2,50.4,1347,1163,911,56,21,122,0,0,53,0,53,184,0,14,0,14,0,0,0,15,0,13,0,104,45,42,57,197,168229,16,485,64174,487,14,0,0,0,0,0,0,0,0,0,0,0,0,0,0,0,0,0,0,0,0,14,0,651100
9602,2,1,,3.0,1500000US060730096022,60730096022,45.7,38.5,48.5,773,565,376,61,13,60,0,0,55,0,55,208,8,7,9,18,16,29,14,27,25,35,37,89,8,17,9,8,54167,0,356,30432,208,148,0,0,0,0,0,0,0,0,0,0,0,0,0,0,0,0,51,56,25,16,0,0,330800
9603,2,1,,,1500000US060730096032,60730096032,42.3,36.0,57.5,1207,926,673,69,0,141,0,0,43,0,43,281,0,21,39,137,28,0,28,23,12,118,59,115,22,0,0,30,53200,0,632,34678,317,315,0,0,0,0,0,0,0,0,0,0,0,13,38,0,0,0,24,29,162,19,15,15,230500
9603,3,1,,,1500000US060730096033,60730096033,29.4,28.9,30.8,1212,969,414,77,15,296,33,0,134,0,134,243,9,0,0,19,24,46,11,73,47,153,141,60,33,0,8,29,54460,0,653,37161,172,481,0,0,0,0,0,0,0,0,0,0,0,0,0,0,0,11,56,204,134,76,0,0,212400
9603,4,5,,,1500000US060730096034,60730096034,26.6,26.3,32.5,1191,955,803,58,0,80,0,0,14,0,14,236,0,0,37,44,40,0,0,63,36,53,90,24,91,36,17,0,58438,0,531,31246,297,234,0,0,0,0,0,0,0,0,0,0,0,0,0,0,0,0,14,47,53,15,105,0,205800
9604,4,4,,,1500000US060730096044,60730096044,31.5,29.8,41.0,969,555,460,18,0,63,0,0,14,0,14,414,14,9,7,0,62,43,15,16,18,27,76,25,15,69,37,0,65529,0,433,34560,132,301,0,0,0,26,0,0,0,0,0,0,0,0,0,0,0,0,49,99,52,19,37,19,347800
9703,3,3,,1.0,1500000US060730097033,60730097033,48.5,42.2,49.9,1445,1275,1191,77,0,7,0,0,0,0,0,170,10,16,27,14,58,14,0,29,26,63,91,102,88,43,8,29,70278,0,618,34762,434,184,0,0,0,0,0,0,0,0,0,0,0,0,0,0,0,8,0,0,0,69,49,58,396800
9704,3,1,,3.0,1500000US060730097043,60730097043,46.9,46.8,47.5,1472,1397,1026,49,0,242,0,0,80,0,80,75,0,20,7,0,19,27,23,0,0,27,23,68,86,15,83,74,105938,0,472,39773,472,0,0,0,0,0,0,0,0,0,0,0,0,0,0,0,0,0,0,0,0,0,0,0,496700
9706,2,2,,,1500000US060730097062,60730097062,43.4,46.3,43.1,1242,1055,906,29,29,91,0,0,0,0,0,187,0,24,0,13,64,0,0,34,15,14,61,17,72,36,67,56,94191,7,466,40018,354,119,0,0,0,0,0,0,0,0,0,46,0,0,0,0,0,0,0,34,17,15,7,0,564900
9706,5,1,,,1500000US060730097065,60730097065,60.8,66.1,57.5,782,772,718,10,0,29,0,0,15,0,15,10,0,0,0,37,15,15,0,33,50,46,37,10,0,35,38,59,59292,0,375,91872,315,60,0,0,0,0,0,0,0,0,0,0,0,0,0,0,0,0,0,0,0,0,47,13,675800
9801,1,1,,,1500000US060730098011,60730098011,37.1,37.8,35.5,1162,951,758,0,0,24,0,11,158,0,158,211,30,0,14,0,16,0,0,19,20,0,20,115,89,34,19,0,89792,19,357,30208,309,67,0,0,0,0,0,0,0,0,0,0,0,0,0,0,0,0,0,10,0,6,32,19,410700
9801,3,3,,,1500000US060730098013,60730098013,41.1,46.9,34.3,1473,1364,1144,50,24,67,0,0,79,0,79,109,108,0,32,86,0,61,41,28,16,35,19,120,70,20,21,46,44196,0,703,36236,346,357,0,0,0,0,0,0,0,0,0,0,0,0,0,18,0,17,0,47,142,133,0,0,415200
9802,1,4,,,1500000US060730098021,60730098021,51.8,51.9,51.6,1116,866,790,0,0,49,0,0,27,0,27,250,0,13,35,0,56,0,0,12,0,15,113,39,75,35,49,12,74469,13,441,35655,429,25,0,0,0,0,0,0,0,0,0,0,0,0,0,0,0,0,0,0,0,25,0,0,414500
9802,5,4,,4.0,1500000US060730098025,60730098025,31.4,29.1,43.1,605,520,303,17,0,97,0,9,94,0,94,85,0,0,12,0,14,0,0,12,14,30,36,69,0,0,11,0,61181,0,198,23179,107,91,0,0,0,0,0,0,0,0,0,0,0,0,0,0,0,0,0,0,17,62,12,0,427700
9804,1,2,,,1500000US060730098041,60730098041,46.1,48.2,40.0,1603,1230,1024,24,0,92,0,0,90,0,90,373,9,9,18,19,0,29,26,9,6,134,88,74,67,53,54,22,68906,19,598,35358,492,125,0,0,0,0,0,0,0,0,0,0,0,0,0,0,0,0,0,0,8,80,10,27,441800
9804,2,1,,,1500000US060730098042,60730098042,52.1,52.8,51.2,909,758,683,0,0,52,0,0,23,0,23,151,0,10,0,31,24,24,8,49,22,13,29,23,68,24,40,0,65375,14,351,32173,314,51,0,0,0,14,0,0,0,0,0,0,0,0,0,0,0,0,0,31,0,6,0,0,407500
9805,2,2,,,1500000US060730098052,60730098052,42.5,45.7,39.0,844,627,566,0,0,36,0,0,25,0,25,217,0,0,0,6,0,0,0,8,0,45,11,27,9,56,106,10,143827,8,270,43692,258,20,0,0,0,0,0,0,0,0,0,0,0,0,0,0,0,6,0,0,0,0,14,0,508200
9805,4,1,,1.0,1500000US060730098054,60730098054,32.8,26.9,39.7,2067,1851,1494,74,0,71,37,10,165,0,165,216,32,23,42,0,15,13,3,16,8,93,143,134,195,43,28,20,75656,18,790,34198,429,379,0,0,0,0,0,0,0,0,0,0,0,0,0,0,0,0,0,188,136,16,39,0,325000
9902,1,5,,,1500000US060730099021,60730099021,24.0,24.5,22.4,790,639,489,84,4,53,0,0,9,0,9,151,0,0,0,0,0,0,0,0,0,0,0,0,0,0,0,0,-,0,0,34390,0,0,0,0,0,0,0,0,0,0,0,0,0,0,0,0,0,0,0,0,0,0,0,0,-
10001,1,2,,,1500000US060730100011,60730100011,42.6,48.3,38.6,1505,389,142,17,21,127,0,0,82,0,82,1116,0,0,45,8,43,37,25,73,0,10,33,59,8,22,56,0,43832,41,378,21034,271,148,0,0,0,0,0,0,0,0,0,0,0,0,0,0,0,0,0,9,0,90,0,49,293100
10003,1,1,,,1500000US060730100031,60730100031,36.9,39.6,32.9,1601,626,104,27,0,272,0,0,223,0,223,975,21,0,19,0,10,10,0,12,7,29,89,19,45,76,47,9,74875,21,372,25759,312,81,0,0,0,0,0,0,0,0,0,0,0,0,45,0,0,0,0,0,0,27,0,9,277300
10003,3,2,,,1500000US060730100033,60730100033,32.3,24.4,45.2,1745,639,182,234,0,132,28,0,63,0,63,1106,19,0,41,10,30,21,10,54,0,20,66,37,32,16,7,10,50188,39,334,15319,257,116,9,0,0,0,0,0,0,0,0,0,0,0,0,0,0,21,0,0,30,19,37,0,279100
10004,1,3,,1.0,1500000US060730100041,60730100041,39.8,38.4,41.1,2240,397,175,45,0,110,31,0,36,0,36,1843,32,50,7,78,30,17,32,11,21,15,40,48,41,77,0,0,43295,5,494,14886,432,67,0,27,0,0,0,0,0,0,0,0,0,0,0,0,0,0,0,13,0,19,0,8,240100
10004,2,8,,1.0,1500000US060730100042,60730100042,43.9,43.2,44.8,2315,684,242,26,0,405,11,0,0,0,0,1631,9,5,12,32,30,49,11,20,11,113,53,141,25,65,27,0,61397,11,592,19410,515,88,0,0,0,0,0,0,4,10,0,0,0,0,18,0,0,11,0,17,0,26,2,0,256100
10009,1,2,,,1500000US060730100091,60730100091,23.2,18.1,27.0,3302,152,47,92,0,13,0,0,0,0,0,3150,52,137,72,63,29,51,59,56,63,122,70,30,17,0,0,0,36625,122,699,10139,35,786,24,0,10,32,32,21,23,0,11,12,10,0,0,7,28,114,186,207,49,20,0,0,258300
10009,3,2,,,1500000US060730100093,60730100093,40.4,37.8,44.5,452,0,0,0,0,0,0,0,0,0,0,452,0,20,0,0,16,9,9,34,0,0,20,0,0,0,0,0,38750,35,73,10828,35,73,0,0,0,0,0,0,0,0,8,0,0,0,0,0,0,20,9,36,0,0,0,0,-
10009,4,2,,,1500000US060730100094,60730100094,25.0,22.2,26.5,811,164,37,0,0,116,0,0,11,0,11,647,24,0,17,19,22,23,0,9,25,7,0,22,24,0,0,0,34022,50,142,11811,0,192,0,0,0,0,0,0,0,0,0,0,0,0,0,23,0,19,76,55,19,0,0,0,-
10010,2,1,,1.0,1500000US060730100102,60730100102,32.4,30.2,41.8,2182,592,158,22,0,294,0,0,118,0,118,1590,36,116,38,59,21,15,44,27,46,45,79,38,35,21,35,0,37415,24,631,15973,294,361,8,0,0,83,0,8,18,0,0,0,0,0,0,0,0,8,120,30,36,44,0,6,267600
10010,3,1,,,1500000US060730100103,60730100103,33.3,27.2,35.9,1939,594,286,28,0,280,0,0,0,0,0,1345,32,70,28,0,0,31,33,41,17,36,20,110,26,48,19,0,53295,47,464,17826,237,274,0,0,0,19,5,0,0,0,27,0,16,0,0,17,15,0,45,77,32,21,0,0,144500
10011,1,1,,,1500000US060730100111,60730100111,42.7,39.7,46.9,1656,573,203,0,10,286,36,0,38,0,38,1083,0,42,16,30,19,30,47,8,0,20,70,59,10,33,39,5,65263,10,418,19715,310,118,0,0,0,0,0,0,0,0,0,0,0,0,0,0,0,11,18,16,0,24,13,36,247200
10013,1,4,,5.0,1500000US060730100131,60730100131,32.3,24.9,34.9,2723,152,104,0,0,48,0,0,0,0,0,2571,65,58,57,89,34,77,61,8,39,92,40,42,8,0,6,0,31268,34,642,10463,77,599,0,0,10,8,0,16,31,0,13,0,19,8,20,104,61,93,26,131,51,0,0,8,255200
10013,2,4,,1.0,1500000US060730100132,60730100132,29.0,24.4,33.7,3624,112,51,11,0,0,0,0,50,50,0,3512,72,119,100,78,77,62,60,76,51,84,16,77,8,0,0,0,29516,89,791,9299,98,782,0,0,19,17,14,0,8,0,0,6,41,16,9,51,19,217,118,193,9,9,9,27,255600
10014,2,2,,,1500000US060730100142,60730100142,29.7,27.8,30.5,16326,7452,2107,1137,0,3730,0,0,478,35,443,8874,76,48,47,27,73,82,116,175,187,332,361,685,792,621,263,174,92256,149,3910,25075,2411,1648,0,0,0,0,0,0,0,0,0,0,0,0,0,0,0,0,36,13,349,926,310,14,384800
10015,1,3,,,1500000US060730100151,60730100151,28.8,29.0,28.7,2661,398,104,165,0,48,11,0,70,0,70,2263,19,33,3,44,0,20,18,0,24,18,105,132,66,73,50,12,77356,35,582,20641,434,183,0,0,0,9,10,0,3,5,0,0,9,4,0,28,5,24,6,38,0,20,22,0,377300
10103,1,4,,,1500000US060730101031,60730101031,28.4,28.4,28.6,2303,254,160,53,0,33,0,0,8,0,8,2049,63,51,41,31,46,30,96,36,26,66,16,16,46,13,0,0,35839,57,520,10924,281,296,12,0,0,0,0,0,0,23,46,94,5,0,7,36,16,15,8,9,7,0,0,18,32400
10103,2,3,,,1500000US060730101032,60730101032,26.5,26.3,26.7,2133,322,164,158,0,0,0,0,0,0,0,1811,12,0,35,0,17,31,27,54,0,35,37,76,78,12,0,0,54630,5,409,13930,70,344,0,6,0,0,0,0,0,10,0,0,9,0,7,6,0,42,6,92,53,108,5,0,286000
10103,3,22,,,1500000US060730101033,60730101033,29.9,27.2,33.6,2691,1077,537,235,0,154,0,0,151,0,151,1614,45,9,128,34,85,29,51,16,15,131,62,125,31,14,13,8,45278,33,763,17221,291,505,0,0,0,0,0,0,0,0,0,0,0,0,0,0,17,162,99,85,38,91,0,13,303000
10104,1,6,,,1500000US060730101041,60730101041,36.0,35.7,36.7,1670,766,517,139,0,110,0,0,0,0,0,904,22,17,0,16,9,51,0,30,0,102,96,79,32,56,0,11,60572,8,513,23996,277,244,0,0,0,0,0,0,0,12,0,0,0,0,0,14,0,28,0,35,77,68,10,0,241400
10104,2,38,,2.0,1500000US060730101042,60730101042,32.9,31.7,33.6,1619,808,532,1,0,275,0,0,0,0,0,811,18,0,0,16,29,8,63,18,0,63,79,77,46,21,16,18,65592,0,472,23304,381,91,0,0,0,0,0,0,0,0,0,0,0,0,0,0,0,0,0,0,10,81,0,0,292100
10106,1,10,,,1500000US060730101061,60730101061,33.6,33.2,34.9,2370,290,201,25,0,58,0,0,6,0,6,2080,61,39,23,15,30,10,12,57,15,60,135,66,40,5,0,0,54500,95,473,14300,295,273,0,0,0,46,0,0,0,0,0,0,8,0,0,0,0,10,35,132,0,42,0,0,87900
10106,2,3,,,1500000US060730101062,60730101062,34.6,36.0,33.8,2160,258,170,36,0,39,0,0,13,0,13,1902,46,53,65,108,50,0,7,23,120,7,35,51,11,20,0,0,27167,40,556,12414,233,363,0,11,11,6,28,20,49,10,0,34,8,10,0,50,24,0,0,67,23,12,0,0,207100
10106,3,1,,,1500000US060730101063,60730101063,31.7,29.5,35.8,1342,28,18,0,0,10,0,0,0,0,0,1314,68,27,16,26,0,15,22,68,2,32,41,34,8,0,0,0,40237,33,326,11299,198,161,0,0,0,0,0,0,0,0,0,0,0,0,0,0,0,0,52,26,58,25,0,0,157600
10107,1,16,,,1500000US060730101071,60730101071,32.8,35.1,27.0,2794,905,307,264,0,210,0,0,124,0,124,1889,24,63,48,12,20,20,38,15,26,139,69,145,116,15,0,28,59024,16,762,20293,460,318,0,0,0,0,0,0,0,0,8,6,34,0,0,0,6,20,7,91,105,25,8,8,189300
10107,2,1,,1.0,1500000US060730101072,60730101072,37.8,36.1,39.6,1111,509,214,97,0,133,0,6,59,14,45,602,5,7,4,14,25,25,42,11,0,0,4,65,52,0,14,19,85774,63,224,21705,152,135,0,0,0,0,0,0,7,0,0,0,0,0,0,10,0,13,7,4,0,64,18,12,308800
10107,3,1,,,1500000US060730101073,60730101073,30.4,34.9,23.7,2010,275,87,7,0,181,0,0,0,0,0,1735,0,40,34,0,40,23,27,21,23,15,22,67,14,13,55,0,47000,34,360,15784,226,168,0,0,0,0,0,0,0,0,0,0,0,14,82,0,19,0,0,15,38,0,0,0,92700
10107,4,2,,,1500000US060730101074,60730101074,31.5,22.4,41.0,1095,314,147,0,10,157,0,0,0,0,0,781,18,0,31,8,22,0,0,18,6,21,25,58,35,20,28,0,73333,33,257,22454,240,50,0,0,0,0,0,0,0,0,0,0,0,0,0,0,0,0,8,0,6,23,0,13,241300
10109,1,4,,,1500000US060730101091,60730101091,37.2,37.5,36.6,1945,865,171,292,0,292,0,0,110,0,110,1080,25,0,0,42,41,0,0,32,38,16,62,93,42,65,28,12,74375,9,487,20923,391,105,0,0,0,0,0,0,0,0,0,0,0,0,0,0,0,0,10,0,0,11,53,31,276200
10109,2,6,,,1500000US060730101092,60730101092,28.3,28.1,30.4,2429,379,113,37,0,229,0,0,0,0,0,2050,45,50,0,19,34,47,22,20,23,34,101,97,74,29,63,0,63092,6,652,20978,421,237,0,0,0,0,0,0,0,0,37,29,13,0,10,0,0,0,0,47,79,22,0,0,266300
10110,1,4,,,1500000US060730101101,60730101101,30.1,22.9,39.1,2035,673,237,29,36,360,0,0,11,0,11,1362,18,29,21,39,84,47,38,46,24,27,38,57,42,22,0,20,38750,0,552,16386,247,305,0,0,0,16,0,0,0,0,0,0,11,0,0,14,0,13,38,68,67,78,0,0,114800
10110,2,1,,,1500000US060730101102,60730101102,28.5,25.8,28.7,2114,326,188,0,45,93,0,0,0,0,0,1788,15,18,0,51,32,32,0,0,55,0,69,72,26,18,69,0,63424,15,442,17691,326,131,0,0,0,0,0,0,0,0,0,0,0,0,0,0,36,0,0,0,25,70,0,0,294000
10110,3,13,,,1500000US060730101103,60730101103,31.6,32.2,30.5,1564,872,20,36,0,785,0,0,31,0,31,692,0,0,26,0,0,20,0,10,13,38,25,81,46,10,44,12,79258,13,312,21483,263,62,0,0,0,0,0,0,0,0,0,0,0,0,0,0,0,0,0,8,13,41,0,0,295600
10110,4,1,,,1500000US060730101104,60730101104,20.7,14.4,23.1,1261,161,28,30,0,94,0,0,9,0,9,1100,101,37,19,26,42,12,34,50,0,0,0,0,0,0,0,0,22837,21,300,5637,0,321,11,0,25,36,0,32,0,10,0,0,0,0,0,0,0,42,0,146,19,0,0,0,-
10110,5,5,,1.0,1500000US060730101105,60730101105,36.6,41.9,24.7,1055,526,307,48,0,92,0,0,79,0,79,529,0,21,21,0,0,42,36,0,0,1,50,31,0,26,25,24,62303,21,256,27826,218,59,0,0,0,0,0,0,0,0,0,0,0,0,0,0,0,0,0,21,0,17,21,0,241800
10112,1,9,,,1500000US060730101121,60730101121,26.5,24.4,27.6,3042,403,188,63,0,142,0,0,10,0,10,2639,109,125,96,6,38,56,38,34,70,66,90,83,0,32,0,0,34566,83,760,12410,40,803,0,22,8,30,16,6,0,7,0,0,31,0,8,57,64,128,23,128,173,102,0,0,10600
10112,2,1,,1.0,1500000US060730101122,60730101122,27.6,23.2,30.9,2060,439,101,275,0,14,0,0,49,0,49,1621,65,11,34,68,49,43,15,9,41,57,83,73,6,0,9,0,39271,38,525,13400,145,418,0,0,0,0,0,11,0,0,0,0,0,0,0,0,0,0,12,158,202,35,0,0,137500
12003,2,3,,,1500000US060730120032,60730120032,32.8,30.9,36.2,2445,846,127,62,0,630,0,0,27,6,21,1599,50,40,45,33,19,28,0,32,32,50,74,89,12,13,68,3,53667,32,556,17296,314,274,0,0,0,3,31,0,0,33,7,0,0,20,0,5,4,27,10,39,59,29,0,7,282700
14102,1,5,,,1500000US060730141021,60730141021,40.0,36.6,42.1,2649,2032,177,1032,0,516,0,0,307,0,307,617,50,32,0,0,40,18,38,27,30,57,123,123,51,42,59,10,63796,70,630,21417,532,168,0,0,0,0,0,0,0,10,0,47,0,0,28,0,0,0,0,31,37,0,15,0,316600
14102,2,4,,,1500000US060730141022,60730141022,42.7,44.3,42.5,1061,505,251,169,9,0,17,0,59,0,59,556,13,9,26,37,51,33,12,29,0,59,24,46,13,16,20,0,43621,0,388,20688,232,156,0,0,0,0,0,0,0,17,0,0,26,0,0,0,0,12,6,69,13,13,0,0,239800
14200,3,1,,,1500000US060730142003,60730142003,45.1,39.4,47.0,1723,1024,714,93,0,194,0,0,23,0,23,699,0,14,0,32,38,15,42,32,35,18,96,121,69,0,24,0,69130,25,511,23053,451,85,0,0,0,0,0,0,0,0,0,0,0,0,0,0,0,0,0,7,0,70,0,8,283200
16606,1,3,,,1500000US060730166061,60730166061,33.0,35.0,32.1,1995,1568,1270,0,0,191,0,0,107,0,107,427,10,17,0,10,8,70,24,26,48,87,81,100,112,43,35,62,73550,19,714,33421,512,221,0,0,0,0,0,0,0,0,0,0,0,0,0,0,0,0,83,68,24,0,20,26,315800
17014,2,1,,3.0,1500000US060730170142,60730170142,69.3,68.5,70.0,1255,1167,1158,0,0,9,0,0,0,0,0,88,23,35,7,51,105,50,65,14,28,55,42,119,81,73,26,16,53021,0,790,43380,638,152,0,0,0,0,0,0,0,0,29,0,0,0,0,0,0,0,0,0,6,99,8,10,382500
17018,1,1,,,1500000US060730170181,60730170181,37.6,37.5,40.0,2579,2227,676,98,0,1271,0,0,182,0,182,352,28,36,50,71,21,50,9,55,44,153,72,125,69,20,44,24,53281,7,864,24849,286,585,0,6,9,23,0,8,0,58,12,0,5,0,0,0,0,0,0,98,257,57,52,0,196400
17018,2,1,,,1500000US060730170182,60730170182,38.3,37.4,40.2,1646,1536,1011,85,28,244,37,0,131,8,123,110,9,14,26,40,31,7,14,94,47,107,90,182,99,13,9,40,61375,32,790,37929,496,326,0,0,0,0,0,0,0,0,0,0,0,0,0,0,0,0,0,84,127,57,37,21,240400
17019,3,1,,8.0,1500000US060730170193,60730170193,55.1,52.3,56.7,3019,2639,2088,45,0,438,0,0,68,0,68,380,13,13,25,65,0,28,134,39,60,41,101,113,106,28,212,194,86618,0,1172,47672,1001,171,0,0,0,0,0,0,0,0,0,0,0,54,0,0,0,0,0,26,13,66,0,12,650100
17022,6,1,,1.0,1500000US060730170226,60730170226,38.9,39.6,38.1,1326,1179,1007,21,0,93,0,0,58,0,58,147,0,0,7,0,16,0,0,0,27,36,36,28,112,66,76,93,120893,0,497,54046,235,262,0,0,0,0,0,0,0,0,0,0,0,0,0,0,0,0,0,0,12,143,107,0,653900
17030,1,1,,28.0,1500000US060730170301,60730170301,37.3,40.3,33.9,13469,12304,7210,430,76,3931,0,54,603,0,603,1165,29,140,0,21,54,67,51,144,147,78,475,287,403,349,614,1463,142460,28,4294,55531,3537,785,0,0,0,0,0,0,0,0,0,0,0,70,0,26,0,0,0,130,82,178,274,25,689300
17030,4,1,,3.0,1500000US060730170304,60730170304,34.1,29.6,39.8,3571,3333,1144,0,0,2012,0,0,177,0,177,238,0,0,0,0,0,9,0,0,0,40,166,293,68,47,321,181,124112,0,1125,42657,563,562,0,0,0,0,0,0,0,0,0,0,0,0,0,58,0,0,0,0,301,151,52,0,571200
17031,2,1,,1.0,1500000US060730170312,60730170312,41.4,33.9,42.0,878,800,624,0,52,39,0,0,85,0,85,78,27,8,7,12,0,0,32,15,6,14,44,36,41,34,20,49,76250,0,345,37100,255,90,0,0,0,0,0,0,0,0,0,0,0,0,0,0,0,0,0,20,0,43,21,6,388800
17033,1,1,,,1500000US060730170331,60730170331,31.3,28.8,37.3,1651,1267,699,34,0,448,0,0,86,0,86,384,9,19,10,0,0,0,15,29,0,49,84,75,93,47,65,16,88385,0,511,31339,203,308,0,0,0,0,0,0,0,0,0,0,0,0,0,0,0,0,17,42,39,164,46,0,357200
17033,3,1,,1.0,1500000US060730170333,60730170333,41.6,44.2,40.0,2602,2331,952,9,0,1089,0,166,115,0,115,271,8,0,0,0,9,19,9,56,8,8,31,76,81,142,175,138,140455,8,752,42750,671,89,0,0,0,0,0,0,0,0,0,0,0,0,0,0,0,0,0,0,0,0,89,0,636600
17035,1,3,,,1500000US060730170351,60730170351,39.6,42.5,37.1,876,800,619,0,8,106,0,0,67,0,67,76,16,0,0,0,0,0,0,0,0,0,14,56,65,20,45,50,117500,0,266,45823,209,57,0,0,0,0,0,0,0,0,0,0,0,0,0,0,0,0,0,0,0,3,54,0,588700
17036,1,1,,,1500000US060730170361,60730170361,27.2,21.9,35.6,1375,1167,577,8,0,401,0,0,181,0,181,208,9,11,0,21,9,27,37,13,26,58,59,70,117,0,12,20,70906,0,489,28418,231,258,0,0,0,0,0,0,0,0,0,0,0,0,0,0,0,0,0,16,84,137,0,21,244800
17037,3,1,,,1500000US060730170373,60730170373,41.6,41.4,41.8,1609,1317,691,49,0,531,0,0,46,0,46,292,63,13,0,14,28,13,0,13,18,31,88,54,36,63,118,44,89524,24,572,38505,419,177,0,0,0,0,0,21,0,0,13,0,0,0,0,0,0,0,0,81,15,29,0,18,613400
17039,2,8,,3.0,1500000US060730170392,60730170392,34.3,32.6,38.0,3526,3350,1699,34,0,1293,0,0,324,0,324,176,38,0,118,8,12,35,21,80,15,72,220,246,153,113,175,125,86442,10,1421,44553,846,585,0,0,0,0,0,0,0,0,0,0,0,0,0,0,0,0,43,103,206,118,115,0,357400
17042,1,2,,1.0,1500000US060730170421,60730170421,30.8,34.8,29.7,3502,3365,1509,0,0,1802,0,0,54,0,54,137,29,0,48,10,18,0,0,0,8,43,0,39,82,151,227,284,163813,0,939,43247,882,57,0,0,0,0,0,0,0,0,0,0,15,0,0,0,0,0,0,0,0,0,42,0,663000
17042,3,5,,,1500000US060730170423,60730170423,35.3,37.3,32.2,2648,2564,1756,74,0,500,0,0,234,0,234,84,16,38,12,0,26,17,0,16,0,20,54,178,79,26,201,180,120368,0,863,49412,648,215,0,0,0,0,0,0,0,0,0,0,0,0,0,0,0,0,0,16,0,109,81,9,550500
17046,1,1,,1.0,1500000US060730170461,60730170461,41.1,40.9,41.5,2521,2463,1716,41,0,663,0,0,43,0,43,58,70,0,14,0,8,4,38,32,21,34,34,125,107,37,218,215,123988,10,947,56184,840,117,0,0,0,0,0,0,0,0,0,0,0,0,0,0,0,0,0,0,0,58,59,0,597500
17055,1,1,,,1500000US060730170551,60730170551,44.4,44.1,44.7,1191,1074,928,13,8,81,0,0,44,0,44,117,7,6,0,21,20,19,0,10,0,43,30,73,86,17,153,44,105398,13,516,56874,430,99,0,0,0,0,0,0,0,0,0,0,0,0,0,11,0,0,0,8,0,68,0,12,460000
18611,2,1,,,1500000US060730186112,60730186112,41.0,42.2,40.7,4236,3563,2411,141,0,490,422,0,99,21,78,673,49,34,15,31,0,17,53,90,14,75,30,284,115,60,175,213,98464,21,1234,34543,1090,165,0,0,0,0,0,0,0,0,0,0,0,0,0,0,0,0,0,0,0,53,95,17,483800
21400,1,7,,28.0,1500000US060730214001,60730214001,27.7,24.6,31.1,4154,3426,2615,251,37,380,10,0,133,0,133,728,0,56,53,139,48,26,55,134,50,123,115,170,97,78,54,150,59621,2,1346,36997,616,732,0,0,0,0,0,0,0,0,0,0,47,0,0,15,0,56,0,66,22,39,481,6,639300
21400,3,3,,,1500000US060730214003,60730214003,48.0,49.0,48.0,988,875,781,9,0,45,0,0,40,0,40,113,0,25,30,0,22,16,30,10,13,78,86,99,74,12,42,14,70703,0,551,45837,184,367,0,0,9,0,0,0,0,0,0,0,0,0,0,32,0,24,22,95,47,82,21,35,454500
21500,1,1,,2.0,1500000US060730215001,60730215001,38.4,40.1,36.9,5339,4517,2316,46,113,1921,0,0,121,50,71,822,26,0,9,55,86,15,29,0,33,21,67,145,284,164,264,443,137050,74,1567,50442,1329,312,0,0,0,0,0,58,0,0,15,0,0,0,0,23,0,0,0,6,17,0,146,47,860100
21500,2,1,,5.0,1500000US060730215002,60730215002,42.1,40.6,43.4,2927,2907,2174,14,0,665,0,0,54,0,54,20,22,5,40,0,0,8,0,0,0,35,0,12,71,49,192,472,202955,0,906,76546,790,116,0,0,0,0,0,0,0,31,0,0,0,0,0,0,0,0,10,0,8,0,45,22,"1,000,000+"
