tract,blockgroup,count,landarea,cent_lat,cent_lon,sl_density
100.0,1.0,47,663915,+32.7544143,-117.1827574,7.0792194784e-05
100.0,2.0,99,877541,+32.7519389,-117.1882694,0.000112815241681
201.0,1.0,61,864211,+32.7540028,-117.1733775,7.05846141741e-05
202.0,1.0,67,398313,+32.7439010,-117.1773380,0.000168209423243
202.0,2.0,51,346436,+32.7475718,-117.1791893,0.000147213338106
202.0,3.0,66,561250,+32.7451109,-117.1711131,0.000117594654788
300.0,1.0,9,123593,+32.7473602,-117.1666806,7.28196580712e-05
300.0,2.0,48,142238,+32.7467016,-117.1616946,0.000337462562747
300.0,3.0,50,329534,+32.7442234,-117.1587548,0.000151729411836
300.0,4.0,7,99553,+32.7430139,-117.1627521,7.03143049431e-05
300.0,5.0,20,203843,+32.7436490,-117.1655925,9.81147255486e-05
400.0,1.0,36,480192,+32.7545438,-117.1617092,7.49700119952e-05
400.0,2.0,61,267827,+32.7496873,-117.1604516,0.000227758963809
400.0,3.0,24,429433,+32.7542669,-117.1662252,5.58876471999e-05
500.0,1.0,55,649216,+32.7624613,-117.1519868,8.47175670347e-05
500.0,2.0,21,406500,+32.7586342,-117.1532878,5.16605166052e-05
500.0,3.0,10,134618,+32.7581356,-117.1497189,7.42842710484e-05
600.0,1.0,20,217747,+32.7554285,-117.1493074,9.18497154955e-05
600.0,2.0,36,396493,+32.7537990,-117.1548290,9.0796054407e-05
600.0,3.0,78,318042,+32.7503205,-117.1500392,0.000245250627276
700.0,1.0,43,369859,+32.7450063,-117.1539374,0.000116260520901
700.0,2.0,42,251337,+32.7459696,-117.1488433,0.000167106315425
700.0,3.0,23,158842,+32.7422747,-117.1492951,0.000144797975347
800.0,1.0,9,126543,+32.7470238,-117.1400412,7.11220691781e-05
800.0,2.0,8,142596,+32.7439171,-117.1398307,5.61025554714e-05
800.0,3.0,18,193172,+32.7424967,-117.1429981,9.3181206386e-05
800.0,4.0,25,171940,+32.7464164,-117.1442217,0.000145399557985
900.0,1.0,21,158718,+32.7537247,-117.1400499,0.000132310134956
900.0,2.0,17,95977,+32.7503168,-117.1388058,0.000177125769716
900.0,3.0,14,95834,+32.7503126,-117.1412761,0.000146085940272
900.0,4.0,20,73996,+32.7493632,-117.1444141,0.000270284880264
900.0,5.0,11,73908,+32.7512263,-117.1444271,0.000148833685122
900.0,6.0,29,123249,+32.7537067,-117.1444399,0.000235296026743
1000.0,1.0,50,351752,+32.7635700,-117.1414317,0.000142145602584
1000.0,2.0,19,167393,+32.7600382,-117.1419406,0.000113505343712
1000.0,3.0,19,168186,+32.7581695,-117.1419391,0.000112970163985
1000.0,4.0,29,177578,+32.7562461,-117.1419333,0.000163308517947
1100.0,1.0,32,624270,+32.7666255,-117.1337425,5.12598715299e-05
1100.0,2.0,39,178422,+32.7624523,-117.1311357,0.000218582910179
1100.0,3.0,21,133262,+32.7627882,-117.1356437,0.000157584307605
1200.0,1.0,37,173540,+32.7578290,-117.1274219,0.000213207329722
1200.0,2.0,32,146541,+32.7581715,-117.1301781,0.000218368920643
1200.0,3.0,20,147042,+32.7581641,-117.1326547,0.00013601556018
1200.0,4.0,21,220280,+32.7581423,-117.1357528,9.53332122753e-05
1300.0,1.0,37,159305,+32.7537609,-117.1289298,0.000232258874486
1300.0,2.0,67,192864,+32.7503339,-117.1289171,0.000347395055583
1300.0,3.0,43,144313,+32.7515813,-117.1344800,0.000297963454436
1300.0,4.0,15,168135,+32.7543721,-117.1329470,8.92140244446e-05
1300.0,5.0,27,120716,+32.7493936,-117.1344699,0.000223665462739
1400.0,1.0,58,204723,+32.7462893,-117.1304763,0.000283309642786
1400.0,2.0,41,206768,+32.7423031,-117.1319802,0.000198289870773
1400.0,3.0,39,334835,+32.7452975,-117.1353530,0.000116475278869
1500.0,1.0,26,211622,+32.7458285,-117.1227490,0.000122860572152
1500.0,2.0,22,235005,+32.7416744,-117.1202955,9.36150294675e-05
1500.0,3.0,15,190413,+32.7419786,-117.1252525,7.87761339824e-05
1500.0,4.0,22,156693,+32.7461279,-117.1266192,0.000140401932441
1600.0,1.0,46,201912,+32.7524065,-117.1174000,0.000227822021475
1600.0,2.0,31,150302,+32.7527488,-117.1204973,0.00020625141382
1600.0,3.0,29,153541,+32.7522285,-117.1228434,0.000188874632834
1600.0,4.0,35,182416,+32.7513473,-117.1250620,0.000191869134286
1700.0,1.0,24,154005,+32.7582998,-117.1166732,0.000155839096133
1700.0,2.0,26,177636,+32.7579589,-117.1194706,0.000146366727465
1700.0,3.0,34,206755,+32.7579716,-117.1227504,0.000164445841697
1700.0,4.0,8,94357,+32.7592988,-117.1252000,8.47843827167e-05
1800.0,1.0,28,169457,+32.7619822,-117.1119106,0.000165233658096
1800.0,2.0,28,144490,+32.7629759,-117.1158402,0.000193785037027
1800.0,3.0,45,130314,+32.7622012,-117.1202000,0.000345319766103
1800.0,4.0,20,107820,+32.7621991,-117.1250606,0.000185494342423
1800.0,5.0,18,97472,+32.7643897,-117.1194997,0.000184668417597
1800.0,6.0,25,100644,+32.7644053,-117.1240381,0.000248400302055
1900.0,1.0,24,791444,+32.7698524,-117.1246003,3.03243185873e-05
1900.0,2.0,50,812469,+32.7701424,-117.1149467,6.1540809557e-05
1900.0,3.0,11,182685,+32.7663267,-117.1206742,6.02129348332e-05
2001.0,1.0,71,384056,+32.7697627,-117.1066610,0.000184868873289
2001.0,2.0,125,1733814,+32.7716456,-117.1043921,7.20953920086e-05
2001.0,3.0,70,342663,+32.7613844,-117.1015355,0.000204282341543
2002.0,1.0,93,516566,+32.7658586,-117.0902076,0.000180035077802
2002.0,2.0,122,767589,+32.7636813,-117.0947541,0.000158939223986
2100.0,1.0,55,275363,+32.7617346,-117.1069693,0.000199736348021
2100.0,2.0,25,168547,+32.7567894,-117.1038012,0.00014832657953
2100.0,3.0,17,122186,+32.7570007,-117.1076927,0.000139132142799
2100.0,4.0,18,159307,+32.7576094,-117.1108512,0.000112989385275
2100.0,5.0,25,165914,+32.7578364,-117.1139667,0.000150680473016
2201.0,1.0,40,223204,+32.7525388,-117.1113275,0.000179208257917
2201.0,2.0,29,134163,+32.7523840,-117.1144392,0.000216154975664
2202.0,1.0,38,129908,+32.7523089,-117.1019826,0.000292514702713
2202.0,2.0,31,155305,+32.7525615,-117.1044792,0.000199607224494
2202.0,3.0,32,201668,+32.7523277,-117.1075906,0.000158676636849
2301.0,1.0,27,118180,+32.7576864,-117.0901086,0.000228465053309
2301.0,2.0,25,104961,+32.7572512,-117.0938846,0.000238183706329
2301.0,3.0,29,200184,+32.7572015,-117.0979723,0.000144866722615
2302.0,1.0,37,210229,+32.7543374,-117.0961635,0.000175998553958
2302.0,2.0,25,155506,+32.7522700,-117.0965384,0.00016076550101
2302.0,3.0,33,163089,+32.7504886,-117.0965691,0.000202343505693
2401.0,1.0,32,210378,+32.7469622,-117.1113246,0.000152107159494
2401.0,2.0,26,191944,+32.7471589,-117.1148343,0.000135456174718
2401.0,3.0,35,251560,+32.7471033,-117.1187179,0.000139131817459
2402.0,1.0,46,208472,+32.7468248,-117.1027022,0.000220653133274
2402.0,2.0,45,294397,+32.7468056,-117.1070243,0.000152854818493
2501.0,1.0,36,678342,+32.7380994,-117.1095942,5.30705750197e-05
2501.0,2.0,21,371117,+32.7423170,-117.1127885,5.65859284269e-05
2501.0,3.0,18,206935,+32.7422983,-117.1041651,8.69838355039e-05
2502.0,1.0,79,1029533,+32.7241391,-117.1108717,7.67338200912e-05
2502.0,2.0,52,528172,+32.7317066,-117.1034745,9.8452776747e-05
2502.0,3.0,42,335631,+32.7348737,-117.1065744,0.000125137427711
2601.0,1.0,31,251073,+32.7430480,-117.0987931,0.000123470066475
2601.0,2.0,94,332355,+32.7477181,-117.0966183,0.000282830106362
2601.0,3.0,23,251658,+32.7430655,-117.0944717,9.13938758156e-05
2602.0,1.0,19,272561,+32.7375660,-117.0984021,6.97091660216e-05
2602.0,2.0,19,236547,+32.7371672,-117.0943230,8.03223038128e-05
2602.0,3.0,26,258144,+32.7325627,-117.0987890,0.000100718978555
2702.0,1.0,24,234042,+32.7581849,-117.0697900,0.000102545696926
2702.0,2.0,31,414583,+32.7536912,-117.0690701,7.47739294665e-05
2702.0,3.0,70,710948,+32.7532037,-117.0759691,9.84600842818e-05
2703.0,1.0,43,482396,+32.7489833,-117.0671988,8.9138384232e-05
2703.0,2.0,35,316608,+32.7454182,-117.0653256,0.000110546796038
2703.0,3.0,57,425084,+32.7455825,-117.0756691,0.000134091144339
2703.0,4.0,86,761263,+32.7422573,-117.0596330,0.000112970156175
2705.0,1.0,80,700063,+32.7308408,-117.0837145,0.000114275429497
2705.0,2.0,49,527245,+32.7378902,-117.0833919,9.29359216304e-05
2707.0,1.0,14,106482,+32.7546896,-117.0905724,0.000131477620631
2707.0,2.0,12,80489,+32.7548505,-117.0879084,0.00014908869535
2707.0,3.0,31,117438,+32.7512943,-117.0885293,0.000263969073043
2707.0,4.0,14,79145,+32.7513115,-117.0911857,0.000176890517405
2708.0,1.0,25,165559,+32.7552225,-117.0812058,0.000151003569724
2708.0,2.0,82,218713,+32.7512828,-117.0820803,0.000374920557992
2708.0,3.0,14,115558,+32.7553041,-117.0843137,0.000121151283338
2708.0,4.0,17,139998,+32.7510443,-117.0864515,0.000121430306147
2709.0,1.0,29,271488,+32.7458905,-117.0882771,0.000106818717586
2709.0,2.0,47,349333,+32.7425185,-117.0906967,0.000134542113113
2710.0,1.0,30,233007,+32.7463368,-117.0818739,0.000128751496736
2710.0,2.0,45,452704,+32.7427189,-117.0858353,9.94027002191e-05
2711.0,1.0,20,969550,+32.7392472,-117.0716346,2.06281264504e-05
2711.0,2.0,42,390676,+32.7400539,-117.0762187,0.000107505964021
2712.0,1.0,63,1349228,+32.7320561,-117.0689777,4.66933683558e-05
2712.0,2.0,36,337744,+32.7303521,-117.0787620,0.000106589606329
2712.0,3.0,28,507529,+32.7232735,-117.0807963,5.51692612639e-05
2801.0,1.0,77,2001683,+32.7757556,-117.0882662,3.84676294898e-05
2801.0,2.0,63,864562,+32.7749240,-117.0733220,7.28692679068e-05
2803.0,1.0,53,164822,+32.7581390,-117.0839054,0.00032155901518
2803.0,2.0,16,226938,+32.7615158,-117.0858900,7.05038380527e-05
2803.0,3.0,7,229224,+32.7650390,-117.0847850,3.05378145395e-05
2803.0,4.0,48,488177,+32.7662775,-117.0818671,9.83249927793e-05
2804.0,1.0,58,449825,+32.7687115,-117.0738622,0.000128939031846
2804.0,2.0,50,690703,+32.7642511,-117.0730744,7.23900142319e-05
2804.0,3.0,37,330315,+32.7603347,-117.0756864,0.00011201428939
2902.0,1.0,195,839783,+32.7620131,-117.0558877,0.000232202842877
2902.0,2.0,108,757629,+32.7586341,-117.0622872,0.000142549981587
2903.0,1.0,49,622660,+32.7492972,-117.0586435,7.86946327048e-05
2903.0,2.0,53,456144,+32.7527989,-117.0536169,0.000116191378161
2903.0,3.0,33,328662,+32.7468352,-117.0514523,0.000100407105172
2904.0,1.0,73,994239,+32.7743246,-117.0615404,7.34229898445e-05
2904.0,2.0,56,302739,+32.7692090,-117.0682333,0.000184977819178
2904.0,3.0,29,243915,+32.7679788,-117.0597304,0.000118893876965
2904.0,4.0,37,261569,+32.7652570,-117.0645431,0.000141454071392
2905.0,1.0,22,291736,+32.7685903,-117.0500462,7.54106452409e-05
2905.0,2.0,16,272343,+32.7691597,-117.0435075,5.87494446342e-05
2905.0,3.0,43,582179,+32.7733507,-117.0523153,7.38604449834e-05
3001.0,1.0,59,769460,+32.7223119,-117.0709142,7.66771502092e-05
3001.0,2.0,58,745079,+32.7173735,-117.0798199,7.78440943846e-05
3001.0,3.0,87,863296,+32.7132971,-117.0755326,0.000100776558677
3003.0,1.0,70,1377640,+32.7304908,-117.0577466,5.08115327662e-05
3003.0,2.0,62,1085857,+32.7223628,-117.0597988,5.70977578079e-05
3003.0,3.0,41,810622,+32.7194589,-117.0542176,5.05784447005e-05
3004.0,1.0,48,556925,+32.7126041,-117.0670288,8.61875476949e-05
3004.0,2.0,79,714077,+32.7134551,-117.0558244,0.000110632326766
3101.0,1.0,45,287347,+32.7025793,-117.0804688,0.000156605080269
3101.0,2.0,34,383759,+32.7002752,-117.0789413,8.85972706829e-05
3101.0,3.0,37,379105,+32.6961383,-117.0810813,9.7598290711e-05
3103.0,1.0,70,640104,+32.7065726,-117.0362853,0.00010935722945
3103.0,2.0,90,885275,+32.7062974,-117.0499280,0.000101663324956
3103.0,3.0,74,514267,+32.7098993,-117.0467913,0.000143894125036
3105.0,1.0,82,836695,+32.7121048,-117.0305764,9.80046492449e-05
3105.0,2.0,50,373809,+32.7075489,-117.0273173,0.000133758149215
3107.0,1.0,109,859851,+32.7106648,-117.0224629,0.000126766149019
3107.0,2.0,44,423457,+32.7012839,-117.0259074,0.00010390665404
3107.0,3.0,10,288854,+32.7004706,-117.0203515,3.46195655937e-05
3109.0,1.0,29,370540,+32.6910273,-117.0509075,7.8264155017e-05
3109.0,2.0,29,251569,+32.6909008,-117.0569164,0.000115276524532
3109.0,3.0,44,472171,+32.6929918,-117.0586343,9.31865785912e-05
3111.0,1.0,47,339872,+32.7079812,-117.0800716,0.00013828735524
3111.0,2.0,44,473856,+32.7050779,-117.0761004,9.28552133982e-05
3111.0,3.0,58,630896,+32.6961250,-117.0741376,9.19327432731e-05
3112.0,1.0,52,614131,+32.7086218,-117.0565050,8.4672488443e-05
3112.0,2.0,97,889165,+32.7057283,-117.0660797,0.000109091113573
3113.0,1.0,154,935396,+32.6977990,-117.0607159,0.000164636154099
3113.0,2.0,71,652944,+32.6938713,-117.0698718,0.000108738268519
3114.0,1.0,25,303377,+32.7000142,-117.0398828,8.24057196162e-05
3114.0,2.0,62,832583,+32.6997221,-117.0468684,7.44670501319e-05
3115.0,1.0,18,242118,+32.6984268,-117.0299925,7.43439149506e-05
3115.0,2.0,31,287942,+32.6942083,-117.0355454,0.000107660570532
3115.0,3.0,34,434294,+32.6980456,-117.0355587,7.8287980032e-05
3115.0,4.0,58,568514,+32.6931805,-117.0444420,0.00010202035482
3201.0,1.0,39,301011,+32.6808177,-117.0683047,0.000129563371438
3201.0,2.0,47,613533,+32.6859180,-117.0543638,7.66054963629e-05
3201.0,3.0,41,703407,+32.6850449,-117.0607552,5.8287733844e-05
3202.0,1.0,35,474385,+32.6763538,-117.0652732,7.37797358685e-05
3202.0,2.0,59,831954,+32.6695108,-117.0638646,7.09173824514e-05
3208.0,1.0,7,121557,+32.6864079,-117.0481223,5.75861529982e-05
3208.0,2.0,25,213844,+32.6840684,-117.0462833,0.000116907652307
3208.0,3.0,5,141850,+32.6807590,-117.0446213,3.52485019387e-05
3208.0,4.0,30,211848,+32.6780845,-117.0424303,0.000141610966353
3208.0,5.0,63,669110,+32.6753334,-117.0454224,9.41549222101e-05
3209.0,1.0,47,614394,+32.6872961,-117.0407884,7.64981428855e-05
3209.0,2.0,68,488835,+32.6809070,-117.0361898,0.000139106242393
3209.0,3.0,18,214466,+32.6790866,-117.0388095,8.39293874087e-05
3211.0,1.0,54,588036,+32.6760508,-117.0561289,9.18311123809e-05
3211.0,2.0,24,269702,+32.6808838,-117.0517996,8.89871042855e-05
3212.0,1.0,50,464926,+32.6674318,-117.0523849,0.000107543996249
3212.0,2.0,72,803843,+32.6709119,-117.0545579,8.95697294123e-05
3213.0,1.0,44,672569,+32.6888741,-117.0285123,6.5420796974e-05
3213.0,2.0,50,524478,+32.6880795,-117.0336957,9.53328833621e-05
3214.0,1.0,14,574243,+32.6933586,-117.0219467,2.43799227853e-05
3214.0,3.0,5,230730,+32.6915701,-117.0247178,2.16703506263e-05
3301.0,1.0,66,456389,+32.6985451,-117.1008495,0.000144613476661
3301.0,2.0,77,1070245,+32.7045358,-117.1023429,7.19461431728e-05
3303.0,1.0,6,208346,+32.6903400,-117.0983788,2.87982490665e-05
3303.0,2.0,72,410357,+32.6940534,-117.0987858,0.000175456980142
3304.0,1.0,35,221763,+32.7059566,-117.0932116,0.000157826147734
3304.0,2.0,34,367176,+32.7072030,-117.0885503,9.25986447916e-05
3305.0,1.0,67,433449,+32.7019416,-117.0903834,0.000154574125214
3305.0,2.0,33,325624,+32.6984925,-117.0895562,0.000101343881286
3305.0,3.0,60,530384,+32.6941911,-117.0901211,0.000113125584482
3401.0,1.0,47,597688,+32.7310972,-117.0939213,7.86363453842e-05
3401.0,2.0,58,1095513,+32.7223415,-117.1012128,5.29432329877e-05
3401.0,3.0,29,311350,+32.7196919,-117.0891926,9.31427653766e-05
3401.0,4.0,86,800484,+32.7262393,-117.0897175,0.000107435001824
3403.0,1.0,53,731374,+32.7154348,-117.1114843,7.24663441686e-05
3403.0,2.0,55,339843,+32.7132794,-117.1066079,0.000161839437623
3403.0,3.0,39,315650,+32.7099169,-117.1040348,0.000123554569935
3404.0,1.0,75,763362,+32.7136965,-117.0893563,9.82495853867e-05
3404.0,2.0,65,907301,+32.7142362,-117.0978250,7.16410540714e-05
3501.0,1.0,43,524232,+32.7042659,-117.1122724,8.20247523997e-05
3501.0,2.0,28,209963,+32.7038688,-117.1186312,0.000133356829537
3501.0,3.0,24,450931,+32.7090817,-117.1153684,5.3223220404e-05
3502.0,1.0,27,214159,+32.6985960,-117.1187401,0.000126074552085
3502.0,2.0,46,331922,+32.6985730,-117.1094135,0.000138586776411
3502.0,3.0,41,233590,+32.6986366,-117.1146307,0.000175521212381
3601.0,1.0,104,897314,+32.6909981,-117.1165301,0.000115901457015
3602.0,1.0,71,374614,+32.6929528,-117.1052610,0.000189528421255
3602.0,2.0,37,280825,+32.6929149,-117.1102783,0.000131754651473
3603.0,1.0,37,259423,+32.6871318,-117.1103976,0.000142624208339
3603.0,2.0,26,230776,+32.6848546,-117.1063686,0.000112663361875
3603.0,3.0,14,187488,+32.6882173,-117.1052180,7.46714456392e-05
3800.0,1.0,77,1802204,+32.6835337,-117.1207979,4.27254628222e-05
3901.0,1.0,35,223160,+32.7042030,-117.1225554,0.000156838143036
3901.0,2.0,32,202340,+32.7042748,-117.1292025,0.000158149649105
3901.0,3.0,35,216086,+32.7022204,-117.1288765,0.000161972547967
3902.0,1.0,60,336971,+32.6994484,-117.1294499,0.000178056865428
3902.0,2.0,37,323348,+32.6979818,-117.1228473,0.000114427799151
3902.0,3.0,49,355710,+32.6941023,-117.1282376,0.000137752663687
3902.0,4.0,28,150992,+32.6968615,-117.1289907,0.000185440288227
4000.0,1.0,55,293246,+32.7093167,-117.1224458,0.000187555840489
4000.0,2.0,37,140645,+32.7069300,-117.1273797,0.000263073696185
4000.0,3.0,56,212873,+32.7102713,-117.1286895,0.000263067650665
4000.0,4.0,49,209330,+32.7077472,-117.1318686,0.000234080160512
4100.0,1.0,30,92366,+32.7179470,-117.1317106,0.000324794837927
4100.0,2.0,105,380056,+32.7137161,-117.1381057,0.000276275075252
4100.0,3.0,52,194982,+32.7151261,-117.1309105,0.000266691284324
4100.0,4.0,100,847384,+32.7149318,-117.1246180,0.000118010252731
4200.0,1.0,62,1086496,+32.7287908,-117.1167176,5.70641769505e-05
4200.0,2.0,59,667917,+32.7340710,-117.1206945,8.8334328966e-05
4200.0,3.0,29,264329,+32.7227263,-117.1247703,0.000109711760722
4200.0,4.0,26,474314,+32.7259543,-117.1212151,5.4816007961e-05
4300.0,1.0,14,164779,+32.7392663,-117.1314594,8.49622828152e-05
4300.0,2.0,60,505311,+32.7353279,-117.1272233,0.000118738756924
4300.0,3.0,38,348184,+32.7335538,-117.1315409,0.000109137697309
4400.0,1.0,83,282708,+32.7216057,-117.1279476,0.000293589144984
4400.0,2.0,71,260739,+32.7270402,-117.1277780,0.000272302954295
4400.0,3.0,37,212955,+32.7269254,-117.1321155,0.00017374562701
4400.0,4.0,48,185844,+32.7217328,-117.1320767,0.00025828113902
4501.0,1.0,43,164495,+32.7176294,-117.1360148,0.000261406121767
4501.0,2.0,38,79565,+32.7176437,-117.1392394,0.000477596933325
4501.0,3.0,46,83911,+32.7176260,-117.1413943,0.000548199878443
4600.0,1.0,65,195699,+32.7169839,-117.1446108,0.000332142729396
4600.0,2.0,68,191374,+32.7133285,-117.1451966,0.000355325174789
4700.0,1.0,48,134180,+32.7102821,-117.1448627,0.000357728424504
4700.0,2.0,60,214309,+32.7072051,-117.1452161,0.000279969576639
4800.0,1.0,46,141343,+32.7100391,-117.1359910,0.0003254494386
4800.0,2.0,59,188286,+32.7094888,-117.1402846,0.000313353090511
4800.0,3.0,92,233339,+32.7066632,-117.1377112,0.000394276139008
4900.0,1.0,14,134353,+32.7027506,-117.1352187,0.000104203106741
4900.0,2.0,23,247283,+32.6990099,-117.1363781,9.3010841829e-05
4900.0,3.0,53,394110,+32.7033228,-117.1412831,0.000134480221258
5000.0,1.0,123,1459894,+32.6948583,-117.1411804,8.42526923188e-05
5100.0,1.0,223,226614,+32.7089039,-117.1498194,0.000984052176829
5100.0,2.0,426,1392601,+32.7028942,-117.1532998,0.000305902408515
5200.0,1.0,520,565883,+32.7151358,-117.1512987,0.000918917868181
5200.0,2.0,198,173413,+32.7168177,-117.1547726,0.00114178291132
5300.0,1.0,263,198503,+32.7178015,-117.1588227,0.00132491700377
5300.0,2.0,281,199636,+32.7136025,-117.1587874,0.00140756176241
5300.0,3.0,414,403073,+32.7162596,-117.1636449,0.00102710923332
5300.0,4.0,83,70132,+32.7122964,-117.1645989,0.00118348257571
5400.0,1.0,108,576072,+32.7104360,-117.1681521,0.000187476565429
5400.0,2.0,317,506326,+32.7161522,-117.1698802,0.000626078850385
5400.0,3.0,84,74090,+32.7122706,-117.1691386,0.00113375624241
5400.0,4.0,363,388287,+32.7086190,-117.1597530,0.000934875491582
5500.0,1.0,31,443459,+32.7241295,-117.1468293,6.99049968543e-05
5600.0,1.0,129,231961,+32.7214504,-117.1629514,0.000556127969788
5600.0,2.0,835,5332877,+32.7307737,-117.1465430,0.000156575897025
5700.0,1.0,54,137852,+32.7252986,-117.1610627,0.000391724458114
5700.0,2.0,22,134500,+32.7252861,-117.1641201,0.000163568773234
5800.0,1.0,401,808276,+32.7249041,-117.1705895,0.000496117662779
5900.0,1.0,48,156868,+32.7292979,-117.1612051,0.000305989749343
5900.0,2.0,19,118359,+32.7292768,-117.1643750,0.000160528561411
5900.0,3.0,24,144015,+32.7294491,-117.1675007,0.000166649307364
6000.0,1.0,29,178828,+32.7388174,-117.1617024,0.000162166998457
6000.0,2.0,30,217518,+32.7348055,-117.1616836,0.000137919620445
6000.0,3.0,62,612679,+32.7356854,-117.1663872,0.000101194916098
6100.0,1.0,50,443744,+32.7386438,-117.1731717,0.000112677579866
6100.0,2.0,93,448379,+32.7342169,-117.1742465,0.000207413817329
6200.0,1.0,52,3275646,+32.7317283,-117.1904454,1.58747312744e-05
6300.0,1.0,18,1961071,+32.7377186,-117.1977435,9.17865798842e-06
6500.0,1.0,200,1811125,+32.7540326,-117.2088997,0.000110428601008
6500.0,2.0,150,1021913,+32.7546700,-117.1959793,0.000146783532453
6500.0,3.0,144,884552,+32.7452495,-117.1898623,0.000162794273259
6600.0,1.0,62,509284,+32.7456170,-117.2061684,0.000121739540217
6801.0,1.0,39,672660,+32.7547548,-117.2292638,5.79787708501e-05
6802.0,1.0,71,421920,+32.7485638,-117.2121918,0.000168278346606
6802.0,2.0,37,297914,+32.7518874,-117.2195596,0.000124196915888
6802.0,3.0,30,297660,+32.7507332,-117.2263164,0.000100786131828
6900.0,1.0,119,838357,+32.7461812,-117.2220420,0.000141944302964
6900.0,2.0,52,383119,+32.7393341,-117.2264866,0.000135728063604
6900.0,3.0,86,597514,+32.7410139,-117.2189178,0.000143929681982
7002.0,1.0,43,575870,+32.7365769,-117.2353301,7.46696302985e-05
7002.0,2.0,24,507407,+32.7309837,-117.2358438,4.72993080505e-05
7002.0,3.0,19,360151,+32.7276005,-117.2358304,5.27556497136e-05
7100.0,1.0,37,755377,+32.7145648,-117.2379280,4.89821638731e-05
7100.0,2.0,111,1552328,+32.7183624,-117.2430625,7.15055065682e-05
7100.0,3.0,25,558085,+32.7203455,-117.2329610,4.47960436134e-05
7200.0,1.0,58,1120736,+32.7165102,-117.2499775,5.17517060218e-05
7200.0,2.0,161,1684279,+32.7266569,-117.2544569,9.55898636746e-05
7301.0,1.0,10,205403,+32.7370899,-117.2528295,4.86847806507e-05
7301.0,2.0,34,235533,+32.7449881,-117.2538024,0.000144353445165
7301.0,3.0,15,261377,+32.7419937,-117.2516601,5.73883700555e-05
7301.0,4.0,8,155982,+32.7392875,-117.2514684,5.12879691246e-05
7302.0,1.0,9,273677,+32.7383953,-117.2425477,3.28854817906e-05
7302.0,2.0,12,274817,+32.7358481,-117.2447013,4.36654209892e-05
7302.0,3.0,11,286444,+32.7331882,-117.2466578,3.84019214925e-05
7400.0,1.0,5,84285,+32.7512701,-117.2309058,5.93225366317e-05
7400.0,2.0,36,309462,+32.7484884,-117.2324472,0.000116330922698
7400.0,3.0,28,308431,+32.7461077,-117.2391311,9.07820549815e-05
7400.0,4.0,7,209295,+32.7441856,-117.2301529,3.3445615041e-05
7400.0,5.0,42,338444,+32.7420916,-117.2353256,0.000124097339589
7400.0,6.0,17,271888,+32.7428622,-117.2392301,6.25257458954e-05
7501.0,1.0,42,246218,+32.7508763,-117.2393824,0.000170580542446
7501.0,2.0,16,100074,+32.7479057,-117.2421991,0.000159881687551
7501.0,3.0,29,146966,+32.7504725,-117.2452704,0.000197324551257
7501.0,4.0,93,475924,+32.7538782,-117.2438157,0.000195409351073
7501.0,5.0,10,64636,+32.7518594,-117.2493710,0.000154712544093
7502.0,1.0,76,300079,+32.7450859,-117.2455530,0.000253266639785
7502.0,2.0,64,210537,+32.7490068,-117.2524400,0.000303984572783
7502.0,3.0,41,161992,+32.7476311,-117.2483163,0.000253098918465
7600.0,1.0,469,5952388,+32.7727787,-117.2172697,7.87919067104e-05
7600.0,2.0,113,417012,+32.7699760,-117.2492438,0.000270975415576
7600.0,3.0,316,1337168,+32.7695739,-117.2435975,0.000236320342694
7600.0,4.0,60,310101,+32.7619521,-117.2507774,0.000193485348322
7600.0,5.0,26,105701,+32.7657463,-117.2512070,0.000245976859254
7600.0,6.0,35,132191,+32.7843246,-117.2527148,0.000264768403295
7600.0,7.0,29,180535,+32.7895354,-117.2527002,0.000160633672141
7701.0,1.0,31,176343,+32.7911199,-117.2432015,0.000175793765559
7701.0,2.0,31,236495,+32.7845886,-117.2380249,0.00013108099537
7701.0,3.0,10,155801,+32.7910515,-117.2396499,6.4184440408e-05
7702.0,1.0,26,200374,+32.7847457,-117.2355608,0.000129757353748
7702.0,2.0,16,198882,+32.7913901,-117.2349498,8.04497139007e-05
7702.0,3.0,9,140196,+32.7936196,-117.2325357,6.41958401096e-05
7702.0,4.0,9,105419,+32.7915555,-117.2373896,8.53736043787e-05
7800.0,1.0,48,649215,+32.8027598,-117.2191848,7.39354451145e-05
7800.0,2.0,47,463655,+32.8070060,-117.2198018,0.000101368474404
7800.0,3.0,25,317873,+32.7994701,-117.2277320,7.8647761842e-05
7800.0,4.0,17,147692,+32.8029082,-117.2294323,0.000115104406468
7800.0,5.0,11,430443,+32.8067017,-117.2293760,2.55550676861e-05
7903.0,1.0,8,112970,+32.8046634,-117.2345154,7.08152606887e-05
7903.0,2.0,22,246368,+32.8019569,-117.2370760,8.92973113391e-05
7903.0,3.0,62,283607,+32.8015005,-117.2443337,0.000218612375576
7903.0,4.0,8,114729,+32.8041129,-117.2392515,6.97295365601e-05
7905.0,1.0,60,213038,+32.7995411,-117.2558573,0.00028163989523
7905.0,2.0,64,358286,+32.7997930,-117.2506882,0.000178628246708
7907.0,1.0,29,229362,+32.7961399,-117.2436491,0.000126437683662
7907.0,2.0,30,240440,+32.7968808,-117.2399542,0.000124771252703
7908.0,1.0,22,155137,+32.8000429,-117.2350454,0.000141810142004
7908.0,2.0,21,304047,+32.7971957,-117.2342124,6.90682690505e-05
7910.0,1.0,97,403754,+32.7943264,-117.2551413,0.000240245297879
7910.0,2.0,55,270122,+32.7961156,-117.2491983,0.000203611701379
8002.0,1.0,58,287292,+32.8064064,-117.2464690,0.000201885189981
8002.0,2.0,44,498422,+32.8094873,-117.2429906,8.82786072846e-05
8002.0,3.0,19,305876,+32.8081684,-117.2370782,6.21166747309e-05
8003.0,1.0,45,193197,+32.8040056,-117.2558221,0.000232922871473
8003.0,2.0,50,341927,+32.8054473,-117.2513908,0.000146230043255
8003.0,3.0,40,217372,+32.8043812,-117.2588906,0.000184016340651
8006.0,1.0,36,294717,+32.8083362,-117.2677365,0.000122151080528
8006.0,2.0,22,209534,+32.8102035,-117.2624318,0.00010499489343
8006.0,3.0,22,109500,+32.8079780,-117.2581191,0.000200913242009
8006.0,4.0,15,116028,+32.8104178,-117.2578186,0.000129279139518
8006.0,5.0,14,221089,+32.8100860,-117.2528027,6.33229152061e-05
8101.0,1.0,16,151559,+32.8348975,-117.2762829,0.000105569448202
8101.0,2.0,39,302421,+32.8368915,-117.2741359,0.000128959298461
8101.0,3.0,29,313598,+32.8330044,-117.2809039,9.24750795605e-05
8101.0,4.0,19,165599,+32.8291692,-117.2784775,0.000114734992361
8101.0,5.0,28,230508,+32.8297810,-117.2746123,0.000121470838322
8102.0,1.0,48,520636,+32.8229080,-117.2799949,9.21949308154e-05
8102.0,2.0,20,384741,+32.8222254,-117.2725777,5.19830223449e-05
8102.0,3.0,30,468022,+32.8150040,-117.2666888,6.40995508758e-05
8200.0,1.0,92,363466,+32.8423120,-117.2762251,0.000253118586058
8200.0,2.0,82,463734,+32.8463177,-117.2765927,0.000176825507726
8200.0,3.0,109,474670,+32.8453522,-117.2706411,0.000229633218868
8301.0,1.0,43,983740,+32.8148187,-117.2267686,4.37107365767e-05
8301.0,2.0,45,904892,+32.8149109,-117.2357728,4.97296914991e-05
8301.0,3.0,13,462090,+32.8216413,-117.2381666,2.81330476747e-05
8303.0,1.0,44,1543204,+32.8375413,-117.2644905,2.85121085741e-05
8303.0,2.0,52,2170029,+32.8446149,-117.2531864,2.39628134002e-05
8303.0,3.0,22,696025,+32.8359294,-117.2534700,3.16080600553e-05
8305.0,1.0,46,2920709,+32.8806677,-117.2364151,1.57496005251e-05
8305.0,2.0,25,1540013,+32.8780446,-117.2230986,1.62336291966e-05
8306.0,1.0,27,307760,+32.8502103,-117.2202990,8.77306992462e-05
8306.0,2.0,44,508090,+32.8428882,-117.2263389,8.65988309158e-05
8306.0,3.0,76,1922856,+32.8478548,-117.2275185,3.95245405792e-05
8307.0,1.0,34,525592,+32.8467083,-117.2156597,6.46889602581e-05
8307.0,2.0,79,1059211,+32.8562213,-117.2120836,7.45838175774e-05
8307.0,3.0,59,606648,+32.8497895,-117.2079376,9.7255739737e-05
8310.0,1.0,22,1882087,+32.8325156,-117.2391334,1.16891514579e-05
8310.0,2.0,103,1429396,+32.8227803,-117.2453617,7.2058407887e-05
8310.0,3.0,85,1853718,+32.8199438,-117.2530483,4.58537922165e-05
8311.0,1.0,45,1686336,+32.8279798,-117.2637800,2.66850734373e-05
8311.0,2.0,49,825170,+32.8198880,-117.2623973,5.93817031642e-05
8312.0,1.0,54,6053558,+32.9053825,-117.2527270,8.92037377027e-06
8312.0,2.0,26,673388,+32.8555167,-117.2494331,3.86107266539e-05
8312.0,3.0,35,1176726,+32.8649886,-117.2479486,2.97435426769e-05
8312.0,4.0,113,717087,+32.8545178,-117.2572423,0.000157581994932
8313.0,1.0,54,1203075,+32.8538458,-117.2387208,4.4884982233e-05
8313.0,2.0,57,1176452,+32.8565232,-117.2431993,4.84507655221e-05
8324.0,1.0,68,1821170,+32.9396677,-117.2507530,3.73386339551e-05
8324.0,2.0,93,2765299,+32.9596588,-117.2516376,3.36310829317e-05
8324.0,3.0,18,257775,+32.9476758,-117.2559297,6.98283386674e-05
8324.0,4.0,40,629979,+32.9450503,-117.2459198,6.34941799647e-05
8327.0,1.0,107,622251,+32.9573376,-117.2374674,0.000171956332734
8327.0,2.0,95,1527851,+32.9617452,-117.2284222,6.21788381197e-05
8327.0,3.0,71,4107725,+32.9703783,-117.2429643,1.72845066308e-05
8328.0,1.0,212,7151963,+32.9681818,-117.2061448,2.96422115159e-05
8329.0,1.0,90,1647718,+32.9495005,-117.2310555,5.46209970395e-05
8329.0,2.0,27,546016,+32.9389769,-117.2343781,4.94491003927e-05
8329.0,3.0,19,334474,+32.9442844,-117.2344082,5.68056111985e-05
8330.0,1.0,131,958750,+32.9510538,-117.2184255,0.000136636245111
8330.0,2.0,106,574732,+32.9515311,-117.2257179,0.00018443378827
8331.0,1.0,116,954208,+32.9426037,-117.2241058,0.000121566786277
8333.0,1.0,315,9366178,+32.9235872,-117.2010210,3.3631647829e-05
8333.0,2.0,287,6196056,+32.9296949,-117.2216050,4.63197879425e-05
8335.0,1.0,48,361427,+32.9788587,-117.1335583,0.000132806901532
8335.0,2.0,39,290875,+32.9625162,-117.1423186,0.000134078212291
8335.0,3.0,307,3801869,+32.9681660,-117.1489095,8.07497575535e-05
8336.0,1.0,29,279289,+32.9676947,-117.1358180,0.000103835095546
8336.0,2.0,48,549273,+32.9679161,-117.1318060,8.73882386354e-05
8337.0,1.0,72,703886,+32.9593651,-117.1380318,0.000102289291164
8337.0,2.0,37,359459,+32.9607610,-117.1298572,0.000102932462395
8337.0,3.0,42,502912,+32.9553442,-117.1368837,8.35136166964e-05
8339.0,1.0,261,11791380,+32.9028483,-117.2312349,2.21348137368e-05
8340.0,1.0,67,927753,+32.8643325,-117.1958595,7.22174975451e-05
8340.0,2.0,41,480378,+32.8700061,-117.2103693,8.53494539717e-05
8340.0,3.0,21,377507,+32.8718309,-117.1999695,5.56281075583e-05
8340.0,4.0,54,500362,+32.8678234,-117.2045327,0.00010792186457
8341.0,1.0,32,345747,+32.8698489,-117.2243086,9.25532253353e-05
8341.0,2.0,50,474839,+32.8717691,-117.2161570,0.000105298848662
8343.0,1.0,65,403182,+32.8631048,-117.2191367,0.000161217514671
8343.0,2.0,25,276662,+32.8625433,-117.2137018,9.03629699778e-05
8343.0,3.0,7,86262,+32.8653028,-117.2147295,8.11481301152e-05
8344.0,1.0,86,1443163,+32.8614530,-117.2041150,5.95913282145e-05
8344.0,2.0,54,595301,+32.8563491,-117.1951840,9.07104137235e-05
8345.0,1.0,39,947713,+32.8506331,-117.1853613,4.11516988793e-05
8345.0,2.0,34,530071,+32.8488442,-117.1949045,6.41423507417e-05
8345.0,3.0,40,434887,+32.8507952,-117.2011097,9.19779161023e-05
8346.0,1.0,359,9918449,+32.9089362,-117.1935293,3.61951752739e-05
8346.0,2.0,62,1816013,+32.9322708,-117.1564190,3.41407247635e-05
8347.0,1.0,77,1248465,+32.9218334,-117.1647150,6.1675737806e-05
8347.0,2.0,50,408199,+32.9269617,-117.1476478,0.000122489276064
8347.0,3.0,32,391464,+32.9216649,-117.1511162,8.17444260519e-05
8347.0,4.0,32,218866,+32.9292352,-117.1498655,0.000146208182175
8348.0,1.0,80,1176800,+32.9126233,-117.1638763,6.79809653297e-05
8348.0,2.0,15,230255,+32.9170836,-117.1581353,6.5145165143e-05
8348.0,3.0,44,591245,+32.9121164,-117.1687159,7.44192339893e-05
8349.0,1.0,25,306598,+32.9210042,-117.1461140,8.15399969993e-05
8349.0,2.0,76,653233,+32.9146620,-117.1500478,0.000116344397788
8350.0,1.0,365,11570819,+32.8883324,-117.1711320,3.15448716292e-05
8350.0,2.0,123,3430992,+32.8995311,-117.1749459,3.58496901188e-05
8350.0,3.0,30,229315,+32.9082744,-117.1582245,0.000130824411835
8350.0,4.0,32,297589,+32.9068583,-117.1660672,0.000107530856315
8351.0,1.0,28,318430,+32.9099796,-117.1474006,8.79314134975e-05
8351.0,2.0,23,211506,+32.9096827,-117.1524848,0.000108743959982
8351.0,3.0,16,160625,+32.9036897,-117.1481579,9.96108949416e-05
8351.0,4.0,36,369118,+32.9048355,-117.1519381,9.75297872225e-05
8352.0,1.0,19,195389,+32.9269424,-117.1339018,9.72419122878e-05
8352.0,2.0,28,320759,+32.9270946,-117.1383069,8.72929520294e-05
8352.0,3.0,16,179854,+32.9277090,-117.1424610,8.89610461819e-05
8353.0,1.0,28,253938,+32.9318335,-117.1389160,0.000110263135096
8353.0,2.0,91,1505336,+32.9282508,-117.1296278,6.04516201034e-05
8353.0,3.0,24,195525,+32.9331852,-117.1332588,0.00012274645186
8354.0,1.0,133,2433615,+32.9341488,-117.1180044,5.46512081821e-05
8354.0,2.0,34,466043,+32.9284272,-117.1225547,7.29546415245e-05
8355.0,1.0,19,187396,+32.9227019,-117.1332525,0.000101389570749
8355.0,2.0,77,706875,+32.9215041,-117.1248432,0.000108930150309
8356.0,1.0,25,278892,+32.9189888,-117.1393190,8.964043429e-05
8356.0,2.0,29,326933,+32.9225587,-117.1401401,8.87031899502e-05
8357.0,1.0,36,322100,+32.9186177,-117.1304977,0.000111766532133
8357.0,2.0,32,197619,+32.9157478,-117.1337445,0.000161927749862
8357.0,3.0,60,394279,+32.9151322,-117.1400628,0.000152176504455
8358.0,1.0,63,707808,+32.9089488,-117.1403041,8.90071883901e-05
8358.0,2.0,19,301057,+32.9146549,-117.1280625,6.31109723408e-05
8358.0,3.0,26,542277,+32.9090644,-117.1277046,4.79459759496e-05
8358.0,4.0,23,333593,+32.9093269,-117.1334410,6.89462908394e-05
8359.0,1.0,34,964281,+32.9112333,-117.1204195,3.52594316387e-05
8359.0,2.0,8,149378,+32.9042504,-117.1210367,5.35554097658e-05
8360.0,1.0,36,565543,+32.8990035,-117.1193649,6.36556371487e-05
8360.0,2.0,68,1799001,+32.8992181,-117.1304432,3.77987560874e-05
8360.0,3.0,39,421427,+32.9039036,-117.1391907,9.25427179559e-05
8361.0,1.0,33,471829,+32.8689428,-117.2340925,6.99405928843e-05
8361.0,2.0,6,89847,+32.8630363,-117.2345241,6.67801929948e-05
8362.0,1.0,27,627375,+32.8635613,-117.2314058,4.30364614465e-05
8362.0,3.0,15,171346,+32.8583333,-117.2329341,8.75421661434e-05
8363.0,1.0,3,61188,+32.8653502,-117.2230081,4.9029221416e-05
8363.0,2.0,6,113779,+32.8671983,-117.2222971,5.27338085235e-05
8363.0,3.0,4,79447,+32.8630916,-117.2237614,5.03480307626e-05
8364.0,1.0,20,404363,+32.8576312,-117.2259345,4.94605094927e-05
8364.0,2.0,7,241871,+32.8621091,-117.2276112,2.89410470871e-05
8364.0,3.0,22,343009,+32.8586810,-117.2298905,6.41382587629e-05
8365.0,1.0,47,643750,+32.9450495,-117.1384059,7.30097087379e-05
8365.0,2.0,140,1666224,+32.9395829,-117.1466907,8.40223163272e-05
8366.0,1.0,271,6094609,+32.9526852,-117.1604288,4.44655268287e-05
8501.0,1.0,31,380685,+32.8311143,-117.2196295,8.14321551939e-05
8501.0,2.0,62,1785308,+32.8340028,-117.2257517,3.47279012921e-05
8501.0,3.0,32,589463,+32.8266386,-117.2228722,5.42866982321e-05
8501.0,4.0,21,272688,+32.8263026,-117.2162634,7.70110895969e-05
8502.0,1.0,51,1393492,+32.8414819,-117.2051731,3.65987031142e-05
8502.0,2.0,22,198969,+32.8362778,-117.1995973,0.00011056998829
8502.0,3.0,19,257280,+32.8364535,-117.2086423,7.38495024876e-05
8502.0,4.0,44,744074,+32.8353226,-117.2110193,5.91339033483e-05
8502.0,5.0,46,569675,+32.8304766,-117.2073369,8.07477947953e-05
8503.0,1.0,95,1442839,+32.8169668,-117.2201449,6.58424120779e-05
8503.0,2.0,27,321626,+32.8249755,-117.2084578,8.39484370045e-05
8503.0,3.0,65,1282256,+32.8167490,-117.2077334,5.06919055165e-05
8503.0,4.0,56,616790,+32.8172972,-117.2134308,9.07926522804e-05
8504.0,1.0,14,222490,+32.8304182,-117.2004751,6.29241763675e-05
8504.0,2.0,21,194209,+32.8257357,-117.2002195,0.00010813093111
8504.0,3.0,71,979293,+32.8225815,-117.1995380,7.25012840896e-05
8504.0,4.0,38,437251,+32.8206678,-117.1866406,8.69066051307e-05
8504.0,5.0,65,1184397,+32.8207214,-117.1942264,5.48802470793e-05
8505.0,1.0,54,1270066,+32.8409012,-117.1795623,4.25174754698e-05
8505.0,2.0,16,217949,+32.8357528,-117.1849873,7.34116697025e-05
8505.0,3.0,19,214300,+32.8377617,-117.1773878,8.86607559496e-05
8505.0,4.0,39,925789,+32.8423982,-117.1923286,4.21262296268e-05
8505.0,5.0,36,324402,+32.8364166,-117.1910828,0.000110973421865
8506.0,1.0,25,248068,+32.8328956,-117.1834046,0.000100778818711
8506.0,2.0,38,430452,+32.8318409,-117.1906459,8.82792971109e-05
8506.0,3.0,62,611441,+32.8280223,-117.1854228,0.000101399807995
8507.0,1.0,93,956439,+32.8279861,-117.1699566,9.72356836139e-05
8507.0,2.0,18,122378,+32.8217726,-117.1692613,0.000147085260423
8507.0,3.0,24,238152,+32.8228228,-117.1727951,0.000100775975008
8507.0,4.0,25,335333,+32.8223277,-117.1798656,7.45527580047e-05
8507.0,5.0,30,361994,+32.8261794,-117.1783159,8.2874301784e-05
8507.0,6.0,21,222904,+32.8309387,-117.1771979,9.42109607724e-05
8509.0,1.0,39,418396,+32.8180192,-117.1654864,9.32131282326e-05
8509.0,2.0,32,323034,+32.8123751,-117.1689714,9.90607799798e-05
8509.0,3.0,27,284574,+32.8087226,-117.1740864,9.4878660735e-05
8509.0,4.0,33,514307,+32.8144675,-117.1755492,6.41640109895e-05
8509.0,5.0,35,412525,+32.8188177,-117.1742422,8.48433428277e-05
8510.0,1.0,23,263935,+32.8050987,-117.1577147,8.71426677023e-05
8510.0,2.0,63,643238,+32.8114473,-117.1637832,9.79419748211e-05
8510.0,3.0,26,394579,+32.8115034,-117.1577385,6.5893015087e-05
8510.0,4.0,22,733857,+32.8049947,-117.1667916,2.99785925596e-05
8511.0,1.0,544,15189489,+32.8260087,-117.1415707,3.58142397022e-05
8512.0,1.0,9,177074,+32.8163296,-117.1834213,5.08262082519e-05
8512.0,2.0,40,495462,+32.8095472,-117.1848356,8.07327302598e-05
8512.0,3.0,76,1408337,+32.8083621,-117.1899088,5.39643565425e-05
8513.0,1.0,81,1122797,+32.8019874,-117.1758426,7.21412686354e-05
8513.0,2.0,43,373250,+32.8019045,-117.1831210,0.000115204286671
8600.0,1.0,71,2036590,+32.7913374,-117.1797834,3.48621961219e-05
8600.0,2.0,65,280364,+32.7912362,-117.1722757,0.000231841463241
8600.0,3.0,27,215207,+32.7864139,-117.1731409,0.000125460603047
8600.0,4.0,25,138607,+32.7893460,-117.1697593,0.000180366070978
8701.0,1.0,83,1160102,+32.7983146,-117.1661652,7.1545433074e-05
8701.0,2.0,24,528874,+32.7974058,-117.1590331,4.53794287486e-05
8702.0,1.0,58,1131314,+32.7943626,-117.1535273,5.12678177765e-05
8702.0,2.0,92,1372254,+32.7812135,-117.1582498,6.70429818386e-05
8702.0,3.0,31,193615,+32.8047319,-117.1529376,0.000160111561604
8800.0,1.0,59,419752,+32.7896600,-117.1619580,0.00014055918733
8800.0,2.0,28,211183,+32.7821537,-117.1683059,0.000132586429779
8800.0,3.0,53,649483,+32.7779307,-117.1646313,8.16033676016e-05
8800.0,4.0,18,180594,+32.7833640,-117.1678588,9.96710854181e-05
8901.0,1.0,46,272037,+32.7788348,-117.1712927,0.000169094645214
8901.0,2.0,35,222880,+32.7737442,-117.1708115,0.000157035175879
8901.0,3.0,39,507018,+32.7711941,-117.1736689,7.69203460232e-05
8901.0,4.0,15,297306,+32.7686029,-117.1740106,5.04530685556e-05
8902.0,1.0,164,2102261,+32.7624760,-117.1743680,7.80112459871e-05
8902.0,2.0,28,769110,+32.7666935,-117.1740746,3.64057156974e-05
9000.0,1.0,70,642552,+32.7771882,-117.1767401,0.00010894059936
9000.0,2.0,18,589130,+32.7794879,-117.1811051,3.05535280838e-05
9101.0,1.0,50,703193,+32.8067446,-117.2055419,7.11042345416e-05
9101.0,2.0,71,942119,+32.7983896,-117.1993052,7.53620296374e-05
9101.0,3.0,26,271585,+32.7921337,-117.2018753,9.57343004952e-05
9101.0,4.0,64,876327,+32.7994272,-117.2083373,7.30320987485e-05
9102.0,1.0,23,465582,+32.8045613,-117.1947339,4.94005352441e-05
9102.0,2.0,56,515039,+32.8025973,-117.1962562,0.000108729630183
9103.0,1.0,19,477485,+32.7890649,-117.1893743,3.97918259212e-05
9103.0,2.0,22,220316,+32.7900629,-117.1934569,9.98565696545e-05
9103.0,3.0,62,614126,+32.7863086,-117.1954103,0.000100956481243
9103.0,4.0,44,482128,+32.7874149,-117.2031410,9.12620714831e-05
9104.0,1.0,42,556879,+32.7813624,-117.2032921,7.54203336811e-05
9104.0,2.0,69,1166835,+32.7791653,-117.1924459,5.91343249045e-05
9106.0,1.0,76,1075902,+32.7705564,-117.2038745,7.06384038695e-05
9106.0,2.0,18,882323,+32.7724697,-117.1912853,2.04006922635e-05
9106.0,3.0,50,434672,+32.7707236,-117.1985486,0.000115029263445
9107.0,1.0,81,454945,+32.7664076,-117.1919274,0.000178043499764
9107.0,2.0,31,351789,+32.7694329,-117.1841219,8.8121004352e-05
9201.0,1.0,84,612669,+32.8074145,-117.1463079,0.000137105027348
9201.0,2.0,13,252087,+32.8027030,-117.1477061,5.15694978321e-05
9201.0,3.0,42,680346,+32.7954540,-117.1466643,6.17332945295e-05
9201.0,4.0,12,168547,+32.8028384,-117.1430889,7.11967581743e-05
9202.0,1.0,84,1738457,+32.7820463,-117.1473603,4.83187102126e-05
9202.0,2.0,87,1880588,+32.7897247,-117.1387460,4.62621265264e-05
9301.0,1.0,31,246502,+32.8056697,-117.1374047,0.000125759628725
9301.0,2.0,44,751627,+32.7964852,-117.1342016,5.85396745992e-05
9301.0,3.0,46,418197,+32.8083200,-117.1316150,0.000109996006667
9301.0,4.0,14,163364,+32.8035881,-117.1316526,8.56981954409e-05
9304.0,1.0,172,2484360,+32.7798450,-117.1214086,6.92331224138e-05
9304.0,2.0,193,2418104,+32.7687597,-117.1484131,7.9814598545e-05
9304.0,3.0,60,535334,+32.7738178,-117.1476686,0.000112079561545
9305.0,1.0,50,1032774,+32.7868363,-117.1299995,4.84133024263e-05
9305.0,2.0,26,271885,+32.7970265,-117.1278749,9.56286665318e-05
9305.0,3.0,13,229383,+32.7912715,-117.1261021,5.66737726859e-05
9306.0,1.0,114,1371320,+32.7992122,-117.1212600,8.31315812502e-05
9306.0,2.0,20,193597,+32.8000368,-117.1261193,0.000103307385962
9306.0,3.0,19,209508,+32.8048854,-117.1265598,9.06886610535e-05
9306.0,4.0,45,1071724,+32.8000419,-117.1158305,4.19884223923e-05
9400.0,1.0,63,62166332,+32.8653405,-117.1173286,1.01341028131e-06
9502.0,1.0,102,2180611,+32.8369878,-117.1095274,4.6775880705e-05
9502.0,2.0,79,1238853,+32.8277226,-117.1114684,6.3768663433e-05
9504.0,1.0,263,58318432,+32.9019274,-117.0284232,4.50972344387e-06
9504.0,2.0,58,1299261,+32.9118928,-117.0677678,4.46407611712e-05
9505.0,1.0,77,14848206,+32.8336316,-117.0560613,5.18581167314e-06
9505.0,2.0,41,697303,+32.8410963,-117.0820528,5.87979687453e-05
9505.0,3.0,142,1355204,+32.8317322,-117.0927792,0.000104781272783
9505.0,4.0,42,635207,+32.8376586,-117.0929441,6.61201781467e-05
9506.0,1.0,84,1079868,+32.8244863,-117.0893658,7.77872851126e-05
9506.0,2.0,41,444109,+32.8253401,-117.1000280,9.23196782772e-05
9507.0,1.0,89,1236459,+32.8184880,-117.0839995,7.19797421508e-05
9507.0,2.0,24,1896701,+32.8224202,-117.0706856,1.26535495052e-05
9507.0,3.0,28,923043,+32.8136597,-117.0682504,3.03344481243e-05
9509.0,1.0,40,2448122,+32.8089036,-117.0870148,1.63390549981e-05
9509.0,2.0,67,2238021,+32.8129806,-117.0959978,2.99371632348e-05
9510.0,1.0,4,209029,+32.8139152,-117.1060519,1.91361007324e-05
9510.0,2.0,10,1136200,+32.8171946,-117.1103281,8.8012673825e-06
9510.0,3.0,2,265029,+32.8194207,-117.1074394,7.546343985e-06
9511.0,1.0,5,301439,+32.8043239,-117.1070019,1.65871038585e-05
9511.0,2.0,9,1167318,+32.8035325,-117.1089666,7.70998134185e-06
9602.0,1.0,51,890014,+32.8018159,-117.0836473,5.73024693994e-05
9602.0,2.0,18,229054,+32.7944942,-117.0931555,7.85840893414e-05
9602.0,3.0,29,339878,+32.7954730,-117.0874547,8.53247341693e-05
9602.0,4.0,58,474493,+32.7972888,-117.0803536,0.00012223573372
9603.0,1.0,6,185444,+32.7872800,-117.1112412,3.23547809581e-05
9603.0,2.0,9,286342,+32.7867315,-117.1067273,3.14309462112e-05
9603.0,3.0,6,154917,+32.7837415,-117.1124346,3.87304169329e-05
9603.0,4.0,43,875235,+32.7829750,-117.1055868,4.91296623193e-05
9604.0,1.0,32,288739,+32.7905192,-117.0866324,0.000110826732793
9604.0,2.0,28,326391,+32.7866468,-117.0904633,8.5786679167e-05
9604.0,3.0,27,383268,+32.7904848,-117.0942061,7.04467891919e-05
9604.0,4.0,61,829621,+32.7836934,-117.0928608,7.35275505321e-05
9703.0,1.0,44,542032,+32.7960655,-117.0663678,8.1176019128e-05
9703.0,2.0,20,271441,+32.7993071,-117.0721728,7.36808367196e-05
9703.0,3.0,55,878239,+32.7923069,-117.0769105,6.26253218088e-05
9704.0,1.0,41,612843,+32.8052120,-117.0707580,6.69013107762e-05
9704.0,2.0,19,223721,+32.8146570,-117.0603310,8.49272084427e-05
9704.0,3.0,70,1152853,+32.8099233,-117.0588646,6.07189294732e-05
9704.0,4.0,31,670642,+32.8023694,-117.0600514,4.62243641168e-05
9704.0,5.0,53,465340,+32.8048626,-117.0519783,0.000113895216401
9705.0,1.0,35,370190,+32.7899479,-117.0687396,9.45460439234e-05
9705.0,2.0,63,1205811,+32.7856419,-117.0753403,5.22469939319e-05
9705.0,3.0,29,802752,+32.7816317,-117.0726004,3.61257274974e-05
9706.0,1.0,77,2373738,+32.7852456,-117.0400525,3.24382893142e-05
9706.0,2.0,36,576333,+32.7809015,-117.0588022,6.24638880647e-05
9706.0,3.0,34,523693,+32.7985014,-117.0446414,6.49235334442e-05
9706.0,4.0,20,269742,+32.7963066,-117.0479898,7.41449236678e-05
9706.0,5.0,55,882891,+32.7967285,-117.0545081,6.22953456316e-05
9706.0,6.0,25,485030,+32.7931109,-117.0602088,5.15432035132e-05
9706.0,7.0,54,654161,+32.7887174,-117.0605982,8.25484857703e-05
9801.0,1.0,41,500078,+32.7995203,-117.0234687,8.19872099952e-05
9801.0,2.0,67,634096,+32.7939408,-117.0314715,0.00010566223411
9801.0,3.0,53,766595,+32.8003135,-117.0320866,6.91368975796e-05
9801.0,4.0,11,190989,+32.8031434,-117.0418915,5.75949400227e-05
9802.0,1.0,83,579832,+32.7961346,-117.0200128,0.00014314491094
9802.0,2.0,12,179947,+32.8011558,-117.0094017,6.66863020778e-05
9802.0,3.0,17,364952,+32.7977481,-117.0090634,4.65814682479e-05
9802.0,4.0,56,584146,+32.7936526,-117.0125446,9.58664443478e-05
9802.0,5.0,27,270842,+32.8012102,-117.0148149,9.96891176405e-05
9804.0,1.0,68,759538,+32.8064007,-117.0116434,8.95281078761e-05
9804.0,2.0,31,286701,+32.8054575,-117.0209661,0.000108126584839
9804.0,3.0,24,272534,+32.8111103,-117.0162094,8.80624068924e-05
9804.0,4.0,46,521037,+32.8120814,-117.0105250,8.82854768471e-05
9805.0,1.0,44,740198,+32.8112300,-117.0226945,5.94435542922e-05
9805.0,2.0,25,5425498,+32.8175002,-117.0327383,4.60787194097e-06
9805.0,3.0,60,747962,+32.8082033,-117.0454956,8.02179789882e-05
9805.0,4.0,48,569789,+32.8148878,-117.0505058,8.42417105279e-05
10001.0,1.0,30,267376,+32.5852794,-117.0551766,0.000112201543893
10001.0,2.0,74,1835648,+32.5870375,-117.0554842,4.03127396974e-05
10003.0,1.0,41,445600,+32.5786962,-117.0401642,9.20107719928e-05
10003.0,2.0,32,334718,+32.5792066,-117.0437123,9.56028656959e-05
10003.0,3.0,24,251873,+32.5762538,-117.0477528,9.52861164158e-05
10003.0,4.0,18,246219,+32.5812482,-117.0478511,7.31056498483e-05
10004.0,1.0,47,786544,+32.5708984,-117.0466481,5.97550804532e-05
10004.0,2.0,70,624642,+32.5709587,-117.0593457,0.000112064190368
10005.0,1.0,48,595741,+32.5651231,-117.0457243,8.05719263908e-05
10005.0,2.0,31,271659,+32.5607602,-117.0463093,0.000114113649833
10005.0,3.0,46,463550,+32.5642328,-117.0530398,9.92341710711e-05
10005.0,4.0,11,174367,+32.5661898,-117.0590766,6.30853315134e-05
10009.0,1.0,48,1766490,+32.5453695,-117.0559349,2.71725285736e-05
10009.0,2.0,70,425168,+32.5470683,-117.0518661,0.000164640800813
10009.0,3.0,13,696919,+32.5530167,-117.0543927,1.86535307547e-05
10009.0,4.0,38,641527,+32.5447420,-117.0382219,5.92336721603e-05
10010.0,1.0,8,288859,+32.5778336,-117.0615460,2.76951730775e-05
10010.0,2.0,80,627404,+32.5800861,-117.0666443,0.000127509547277
10010.0,3.0,10,253602,+32.5747341,-117.0588530,3.94318656793e-05
10011.0,1.0,54,524218,+32.5781695,-117.0529599,0.000103010579568
10011.0,2.0,39,360811,+32.5814690,-117.0574236,0.000108089830964
10012.0,1.0,28,220092,+32.5635363,-117.0596411,0.00012721952638
10012.0,2.0,17,284609,+32.5601049,-117.0581461,5.97310696429e-05
10012.0,3.0,15,124892,+32.5574442,-117.0573093,0.000120103769657
10013.0,1.0,79,491924,+32.5548216,-117.0447331,0.000160593912881
10013.0,2.0,33,404606,+32.5564082,-117.0507980,8.15608270762e-05
10014.0,1.0,92,19138298,+32.5796734,-116.9587405,4.80711503186e-06
10014.0,2.0,548,9352868,+32.5787826,-117.0187686,5.85916533838e-05
10015.0,1.0,511,40522766,+32.5601366,-116.9530619,1.2610195464e-05
10103.0,1.0,9,2267385,+32.5996184,-117.0958327,3.96933030782e-06
10103.0,2.0,26,466481,+32.5804618,-117.0958427,5.57364608634e-05
10103.0,3.0,38,397184,+32.5798625,-117.1013027,9.56735417338e-05
10104.0,1.0,41,961651,+32.5636143,-117.0970072,4.26350099984e-05
10104.0,2.0,77,657709,+32.5728369,-117.0970686,0.000117073052064
10106.0,1.0,38,736442,+32.5724954,-117.0705189,5.15994470712e-05
10106.0,2.0,16,325161,+32.5735819,-117.0778378,4.92063931406e-05
10106.0,3.0,21,278061,+32.5678923,-117.0707445,7.55229967525e-05
10107.0,1.0,60,1419004,+32.5861226,-117.0803213,4.22831789058e-05
10107.0,2.0,39,367720,+32.5825147,-117.0748280,0.000106058957903
10107.0,3.0,23,281404,+32.5784822,-117.0792245,8.17330244062e-05
10107.0,4.0,29,255363,+32.5786424,-117.0728131,0.000113563828746
10109.0,1.0,69,11049234,+32.5494881,-117.0884184,6.24477678724e-06
10109.0,2.0,36,483507,+32.5609914,-117.0697521,7.44560058076e-05
10110.0,1.0,41,532442,+32.5797046,-117.0890515,7.7003692421e-05
10110.0,2.0,31,327286,+32.5728373,-117.0862390,9.47183808657e-05
10110.0,3.0,40,293583,+32.5732598,-117.0905751,0.000136247671016
10110.0,4.0,9,80602,+32.5691593,-117.0906047,0.000111659760304
10110.0,5.0,48,952772,+32.5634746,-117.0883263,5.03793142536e-05
10111.0,1.0,37,303881,+32.5644810,-117.0643919,0.000121758188238
10111.0,2.0,15,299624,+32.5639003,-117.0681940,5.00627453075e-05
10112.0,1.0,32,596538,+32.5699671,-117.0813763,5.36428525928e-05
10112.0,2.0,8,205512,+32.5657562,-117.0775449,3.892716727e-05
10402.0,1.0,3,330616,+32.5746955,-117.1057045,9.07397101169e-06
11801.0,3.0,1,161985,+32.6830070,-117.1051881,6.17341111831e-06
11802.0,1.0,1,257059,+32.6874474,-117.0983219,3.89015751248e-06
11902.0,4.0,2,250124,+32.6915933,-117.0843513,7.99603396715e-06
12003.0,1.0,3,439313,+32.6844348,-117.0690185,6.82884412708e-06
12003.0,2.0,3,651400,+32.6771724,-117.0781151,4.60546515198e-06
12102.0,2.0,4,483048,+32.6726587,-117.0739204,8.28075056723e-06
12200.0,2.0,1,887872,+32.6645262,-117.0714010,1.12628847401e-06
13205.0,1.0,12,1777331,+32.5966578,-117.0802103,6.7516967858e-06
13308.0,1.0,3,510059,+32.5917170,-117.0409809,5.8816725124e-06
14002.0,1.0,1,819417,+32.7207290,-117.0210328,1.22037985543e-06
14101.0,2.0,1,610167,+32.7214285,-117.0326737,1.63889558105e-06
14102.0,1.0,97,932388,+32.7158510,-117.0402560,0.000104033942951
14102.0,2.0,27,248612,+32.7180830,-117.0300311,0.000108602963654
14200.0,1.0,1,795717,+32.7290433,-117.0464208,1.25672820865e-06
14200.0,3.0,2,688258,+32.7211985,-117.0444100,2.90588703655e-06
14500.0,2.0,1,388716,+32.7472596,-117.0462655,2.57257226355e-06
14700.0,1.0,2,614705,+32.7652597,-117.0346397,3.25359318698e-06
14700.0,3.0,3,835488,+32.7610753,-117.0489535,3.59071584511e-06
14700.0,4.0,3,499170,+32.7631842,-117.0413644,6.00997656109e-06
14804.0,3.0,1,295463,+32.7823638,-117.0362222,3.38451853532e-06
14806.0,2.0,2,694452,+32.7717214,-117.0350038,2.87996866594e-06
16605.0,1.0,1,615248,+32.8350684,-117.0323101,1.6253608301e-06
16606.0,1.0,3,1820679,+32.8392995,-117.0105038,1.64773691573e-06
16606.0,2.0,2,907658,+32.8453362,-117.0171038,2.20347311432e-06
17006.0,1.0,19,977347,+33.0132967,-117.0542437,1.9440382996e-05
17014.0,1.0,76,1201587,+33.0183582,-117.0716919,6.32496856241e-05
17014.0,2.0,92,805205,+33.0124686,-117.0630429,0.00011425661788
17015.0,1.0,64,710241,+33.0357385,-117.0630796,9.01102583489e-05
17015.0,2.0,51,766104,+33.0254554,-117.0637255,6.65705961593e-05
17015.0,3.0,104,2570137,+33.0417215,-117.0709571,4.04647689987e-05
17015.0,4.0,65,705740,+33.0285775,-117.0754927,9.2101907218e-05
17018.0,1.0,24,700063,+32.9679934,-117.0975835,3.42826288491e-05
17018.0,2.0,30,1101769,+32.9575511,-117.1046179,2.72289381894e-05
17019.0,1.0,98,937356,+33.0242346,-117.0557799,0.00010454939212
17019.0,2.0,89,1240154,+33.0341702,-117.0539075,7.17652807635e-05
17019.0,3.0,166,4120488,+33.0475966,-117.0492638,4.0286490338e-05
17022.0,1.0,49,383773,+32.9098777,-117.0934329,0.000127679643956
17022.0,2.0,51,358423,+32.9056758,-117.0947960,0.000142289975811
17022.0,3.0,44,415072,+32.9042955,-117.0913109,0.000106005705034
17022.0,4.0,50,475063,+32.9007141,-117.1041111,0.000105249198527
17022.0,5.0,39,1110371,+32.8992692,-117.1109740,3.51233956939e-05
17022.0,6.0,155,1722837,+32.9085642,-117.1046265,8.99678843675e-05
17029.0,1.0,245,21903881,+32.9881564,-117.1614853,1.11852324252e-05
17029.0,2.0,8,8638330,+32.9942725,-117.1996448,9.26104930004e-07
17030.0,1.0,369,31600936,+33.0362376,-117.1267567,1.1676869318e-05
17030.0,2.0,46,517858,+33.0372508,-117.0821093,8.88274391822e-05
17030.0,3.0,22,523149,+33.0502398,-117.0739820,4.20530288694e-05
17030.0,4.0,56,728951,+33.0369001,-117.0874618,7.68227219662e-05
17031.0,1.0,50,414232,+33.0266799,-117.0882832,0.00012070530524
17031.0,2.0,22,208256,+33.0309028,-117.0844839,0.000105639213276
17031.0,3.0,15,436038,+33.0282133,-117.0814444,3.44006715011e-05
17032.0,1.0,124,9131187,+33.0089980,-117.1044271,1.35798335967e-05
17032.0,2.0,83,984286,+33.0055028,-117.0851944,8.43250843759e-05
17033.0,1.0,27,297373,+32.9636916,-117.1163830,9.07950620937e-05
17033.0,2.0,22,330407,+32.9654598,-117.1127862,6.65845457269e-05
17033.0,3.0,167,8521939,+32.9812095,-117.1151044,1.95964791581e-05
17034.0,1.0,50,1918278,+32.9888550,-117.0923905,2.60650437528e-05
17034.0,2.0,23,327992,+32.9936729,-117.0885179,7.01236615527e-05
17034.0,3.0,41,422628,+32.9886553,-117.0896256,9.70120294917e-05
17035.0,1.0,43,1964318,+32.9748772,-117.0997987,2.18905492899e-05
17035.0,2.0,16,239847,+32.9770103,-117.0934420,6.67091937777e-05
17035.0,3.0,6,131598,+32.9724335,-117.0950705,4.5593398076e-05
17036.0,1.0,15,328690,+32.9568052,-117.1255459,4.56357053759e-05
17036.0,2.0,30,274975,+32.9591854,-117.1189446,0.000109100827348
17036.0,3.0,47,392652,+32.9626849,-117.1225916,0.000119698868209
17037.0,1.0,42,648337,+32.9499102,-117.1122001,6.47811246312e-05
17037.0,2.0,49,520399,+32.9550197,-117.1161605,9.41585206736e-05
17037.0,3.0,48,1440815,+32.9461560,-117.1205339,3.3314478264e-05
17037.0,4.0,23,555449,+32.9518056,-117.1259327,4.14079420433e-05
17039.0,1.0,18,271830,+32.9693497,-117.0699037,6.62178567487e-05
17039.0,2.0,89,1679697,+32.9577340,-117.0958220,5.29857468341e-05
17039.0,3.0,120,2864800,+32.9530043,-117.0897495,4.18877408545e-05
17042.0,1.0,145,2453899,+32.9428131,-117.0719571,5.90896365335e-05
17042.0,2.0,16,302689,+32.9450384,-117.0898868,5.28595356951e-05
17042.0,3.0,102,2926606,+32.9411708,-117.0954248,3.4852658677e-05
17043.0,1.0,101,1751736,+32.9263482,-117.1095009,5.76570898811e-05
17043.0,2.0,134,1284225,+32.9307013,-117.1007977,0.000104343086297
17044.0,1.0,194,1304894,+32.9249078,-117.0727219,0.000148671079797
17044.0,2.0,128,1107206,+32.9297891,-117.0902213,0.000115606309937
17045.0,1.0,129,1952094,+32.9301351,-117.0679368,6.60828833038e-05
17046.0,1.0,133,2835392,+32.9125992,-117.0976777,4.69070943277e-05
17046.0,2.0,51,447096,+32.9199466,-117.0802821,0.000114069461592
17047.0,1.0,61,654631,+32.9201738,-117.0701638,9.318226604e-05
17047.0,2.0,55,658057,+32.9139496,-117.0766128,8.35793859802e-05
17047.0,3.0,85,820670,+32.9103781,-117.0818503,0.000103573909123
17051.0,1.0,37,817331,+32.9955915,-117.0647980,4.52692972615e-05
17051.0,2.0,39,551592,+33.0047611,-117.0611001,7.07044337119e-05
17051.0,3.0,48,1115579,+33.0091347,-117.0704318,4.30269841939e-05
17052.0,1.0,14,782741,+33.0016165,-117.0724576,1.7885865184e-05
17052.0,2.0,51,1095485,+33.0018515,-117.0779220,4.65547223376e-05
17052.0,3.0,16,319624,+32.9963355,-117.0711508,5.00588191125e-05
17054.0,4.0,2,4816257,+32.9925471,-117.0467712,4.15260232168e-07
17055.0,1.0,37,459451,+32.9741497,-117.0729035,8.05308944806e-05
17055.0,2.0,44,595412,+32.9766927,-117.0768774,7.38984098406e-05
17055.0,3.0,101,1005800,+32.9835542,-117.0704454,0.000100417578047
17056.0,1.0,142,2289646,+32.9822016,-117.0824820,6.2018320736e-05
17056.0,2.0,24,494260,+32.9700759,-117.0852350,4.85574394044e-05
17106.0,1.0,2,9986100,+33.0072991,-117.2301592,2.00278386958e-07
17200.0,4.0,1,743495,+32.9568265,-117.2608854,1.34499895763e-06
17306.0,1.0,16,2288613,+32.9886118,-117.2480971,6.99113393134e-06
17306.0,2.0,7,2412362,+32.9894400,-117.2328448,2.90172038857e-06
20706.0,2.0,1,5985485,+33.1127084,-117.0313034,1.67070838871e-07
20706.0,3.0,1,6114998,+33.0879345,-117.0378217,1.63532351114e-07
20709.0,1.0,4,100980949,+33.1311558,-116.9769969,3.96114320534e-08
20710.0,1.0,3,24585168,+33.0785891,-117.0160101,1.22024791533e-07
21400.0,1.0,414,2403028,+32.7335567,-117.2165766,0.00017228263674
21400.0,2.0,51,387920,+32.7300893,-117.2281795,0.000131470406269
21400.0,3.0,50,381434,+32.7241826,-117.2300546,0.000131084276703
21500.0,1.0,168,10735318,+32.9506518,-117.1858644,1.56492802542e-05
21500.0,2.0,148,1406709,+32.9529850,-117.2061648,0.000105210103867
21500.0,3.0,53,438376,+32.9560555,-117.2094635,0.00012090077924
21900.0,2.0,1,1481479,+32.6758479,-117.1131363,6.75001130627e-07
